{"stats":{"minecraft:picked_up":{"minecraft:chicken":4,"minecraft:ladder":5,"cobblemon:yellow_apricorn":14,"cobblemon:red_apricorn":369,"minecraft:enchanted_book":4,"minecraft:brewing_stand":1,"minecraft:cornflower":8,"minecraft:string":51,"minecraft:red_bed":6,"minecraft:raw_copper":4,"cobblemon:white_apricorn":132,"minecraft:compass":1,"cobblemon:link_cable":2,"minecraft:cartography_table":1,"cobblemon:green_apricorn":14,"cobblemon:white_apricorn_seed":17,"minecraft:beef":6,"minecraft:observer":4,"minecraft:oak_boat":5,"cobblemon:oran_berry":12,"cobblemon:relic_coin":60,"minecraft:poppy":27,"cobblemon:leftovers":1,"cobblemon:big_root":1,"minecraft:lectern":1,"minecraft:chest":20,"minecraft:sugar_cane":8,"minecraft:birch_sapling":3,"cobblemon:green_apricorn_seed":3,"minecraft:egg":10,"minecraft:furnace":2,"minecraft:stick":23,"minecraft:raw_iron":28,"cobblemon:apricorn_log":9,"minecraft:oak_fence":1,"minecraft:torch":20,"minecraft:brick_wall":1,"minecraft:spruce_stairs":1,"minecraft:porkchop":7,"minecraft:pointed_dripstone":4,"minecraft:diorite":4,"cobblemon:vivichoke_seeds":7,"minecraft:golden_chestplate":1,"minecraft:quartz_block":1,"minecraft:arrow":9,"minecraft:rotten_flesh":10,"friendsandfoes:waxed_lightning_rod":1,"minecraft:decorated_pot":1,"minecraft:deepslate_bricks":1,"minecraft:carved_pumpkin":1,"minecraft:mutton":9,"minecraft:obsidian":3,"minecraft:cod":2,"minecraft:white_wool":5,"minecraft:rail":1,"minecraft:cobblestone":315,"minecraft:oxeye_daisy":7,"minecraft:birch_leaves":6,"minecraft:leather_chestplate":1,"minecraft:feather":5,"minecraft:lilac":6,"minecraft:andesite":4,"minecraft:salmon":6,"minecraft:leather":1,"minecraft:red_mushroom":1,"minecraft:potato":184,"minecraft:filled_map":1,"minecraft:flint":2,"minecraft:oak_log":78,"minecraft:waxed_copper_block":1,"cobblemon:deep_sea_tooth":1,"minecraft:lantern":2,"minecraft:dirt":610,"minecraft:name_tag":1,"minecraft:red_carpet":1,"minecraft:bone":13,"minecraft:apple":39,"minecraft:kelp":198,"minecraft:wheat_seeds":72,"cobblemon:black_apricorn":168,"minecraft:bell":2,"minecraft:rabbit_hide":2,"minecraft:iron_ingot":5,"minecraft:rabbit":2,"cobblemon:red_apricorn_seed":43,"minecraft:book":1,"minecraft:scaffolding":2,"cobblemon:sun_stone":2,"minecraft:sweet_berries":2,"cobblemon:black_apricorn_seed":20,"minecraft:dandelion":17,"minecraft:spyglass":1,"minecraft:poisonous_potato":4,"minecraft:gravel":15,"minecraft:sand":2,"cobblemon:yellow_apricorn_seed":1,"minecraft:spruce_sapling":2,"minecraft:grass_block":1,"cobblemon:ether":3,"minecraft:barrel":3,"minecraft:writable_book":1,"minecraft:grass":6,"minecraft:emerald":8,"minecraft:oak_sapling":28,"minecraft:dark_oak_fence":2,"cobblemon:apricorn_leaves":643,"minecraft:coal":146,"minecraft:oak_leaves":8,"minecraft:ender_pearl":1},"minecraft:dropped":{"minecraft:wheat_seeds":1,"minecraft:apple":3,"cobblemon:oran_berry":8,"minecraft:emerald":2,"minecraft:stick":1,"minecraft:spruce_sapling":2,"minecraft:dandelion":1,"minecraft:gravel":13,"minecraft:sugar_cane":8,"minecraft:spyglass":1,"minecraft:raw_copper":2,"minecraft:netherite_sword":1,"minecraft:rotten_flesh":4,"minecraft:name_tag":1,"minecraft:filled_map":1,"minecraft:deepslate_bricks":1,"minecraft:poppy":1,"minecraft:quartz_block":1,"minecraft:andesite":2},"minecraft:killed":{"minecraft:cod":2,"minecraft:skeleton":8,"minecraft:skeleton_horse":1,"cobblemon:pokemon":26,"minecraft:salmon":5,"minecraft:iron_golem":2,"minecraft:pillager":1,"minecraft:zombie":13,"minecraft:villager":1,"minecraft:enderman":1},"minecraft:custom":{"minecraft:mob_kills":63,"minecraft:inspect_hopper":1,"minecraft:interact_with_crafting_table":57,"minecraft:open_barrel":9,"minecraft:bell_ring":2,"minecraft:leave_game":7,"minecraft:time_since_death":108001,"minecraft:climb_one_cm":12790,"minecraft:sprint_one_cm":1022508,"minecraft:walk_one_cm":2263077,"minecraft:damage_blocked_by_shield":7320,"minecraft:drop":24,"minecraft:talked_to_villager":35,"minecraft:play_time":542698,"minecraft:walk_under_water_one_cm":38940,"minecraft:deaths":11,"minecraft:sneak_time":8659,"minecraft:boat_one_cm":192038,"minecraft:jump":6504,"minecraft:interact_with_brewingstand":2,"minecraft:walk_on_water_one_cm":30582,"minecraft:total_world_time":542698,"minecraft:interact_with_furnace":36,"minecraft:traded_with_villager":1,"minecraft:sleep_in_bed":21,"minecraft:time_since_rest":17393,"minecraft:damage_taken":7640,"minecraft:damage_dealt":15549,"minecraft:swim_one_cm":128297,"minecraft:fly_one_cm":1280515,"minecraft:open_chest":296,"minecraft:crouch_one_cm":14580,"minecraft:open_loot_ball":13,"minecraft:fall_one_cm":130185},"minecraft:used":{"fwaystones:waystone":1,"minecraft:oak_trapdoor":2,"minecraft:netherite_sword":12,"minecraft:stone_sword":237,"minecraft:carved_pumpkin":1,"minecraft:stone_shovel":552,"minecraft:redstone":3,"minecraft:ladder":5,"minecraft:poppy":1,"minecraft:oak_sign":9,"minecraft:chest":40,"minecraft:shield":62,"minecraft:iron_sword":123,"minecraft:stone_hoe":159,"minecraft:torch":33,"minecraft:spyglass":17,"minecraft:brewing_stand":1,"minecraft:dirt":302,"minecraft:hopper":8,"minecraft:spruce_stairs":1,"minecraft:lava_bucket":1,"minecraft:iron_axe":27,"minecraft:barrel":3,"minecraft:bedrock":486,"minecraft:red_carpet":1,"minecraft:bow":7,"minecraft:furnace":13,"minecraft:oak_sapling":11,"minecraft:potato":127,"minecraft:observer":4,"minecraft:water_bucket":11,"minecraft:diorite":4,"minecraft:birch_leaves":6,"minecraft:rabbit":1,"minecraft:stone_pickaxe":293,"minecraft:oak_planks":2,"minecraft:wooden_pickaxe":40,"minecraft:composter":2,"minecraft:waxed_copper_block":1,"minecraft:oak_leaves":4,"minecraft:white_wool":2,"minecraft:sand":2,"minecraft:oak_slab":3,"minecraft:crafting_table":2,"minecraft:red_bed":5,"cobblemon:black_apricorn_seed":20,"cobblemon:white_apricorn_seed":3,"minecraft:campfire":1,"minecraft:shears":452,"minecraft:piston":3,"cobblemon:green_apricorn_seed":1,"cobblemon:apricorn_leaves":202,"minecraft:apple":51,"cobblemon:apricorn_log":1,"minecraft:bread":64,"minecraft:oak_button":6,"minecraft:iron_pickaxe":203,"minecraft:lectern":1,"minecraft:stone_axe":110,"friendsandfoes:waxed_lightning_rod":1,"cobblemon:red_apricorn_seed":24,"minecraft:cobblestone":48,"minecraft:dark_oak_fence":2,"minecraft:bucket":11,"minecraft:oak_boat":7,"minecraft:kelp":14,"minecraft:bone_meal":39},"minecraft:crafted":{"minecraft:oak_planks":312,"minecraft:stone_shovel":1,"minecraft:oak_sign":9,"cobblemon:apricorn_planks":32,"minecraft:furnace":11,"minecraft:piston":5,"minecraft:bone_meal":39,"minecraft:oak_trapdoor":2,"fwaystones:abyss_watcher":1,"minecraft:hopper":9,"minecraft:bow":1,"minecraft:iron_boots":1,"minecraft:iron_axe":1,"minecraft:stone_pickaxe":8,"minecraft:chest":29,"minecraft:oak_button":6,"minecraft:stone_hoe":2,"minecraft:oak_slab":24,"minecraft:crafting_table":2,"minecraft:wooden_pickaxe":1,"minecraft:iron_helmet":1,"minecraft:iron_sword":2,"minecraft:bucket":1,"minecraft:stone_axe":1,"minecraft:enchanted_book":1,"cobblemon:luxury_ball":60,"minecraft:air":0,"minecraft:oak_boat":2,"minecraft:iron_chestplate":1,"minecraft:shield":3,"minecraft:stick":24,"minecraft:iron_ingot":25,"minecraft:iron_pickaxe":1,"minecraft:stone_sword":2,"minecraft:iron_leggings":1,"minecraft:composter":2,"minecraft:torch":4,"minecraft:shears":2},"minecraft:killed_by":{"minecraft:spider":1,"minecraft:creeper":2,"minecraft:enderman":1,"minecraft:pillager":1,"minecraft:skeleton":2,"minecraft:zombie":4},"minecraft:broken":{"minecraft:stone_sword":2,"minecraft:shears":1,"minecraft:stone_hoe":1,"minecraft:stone_pickaxe":2,"minecraft:shield":1,"minecraft:stone_axe":1,"minecraft:stone_shovel":2},"minecraft:mined":{"minecraft:red_carpet":1,"minecraft:oak_sapling":1,"cobblemon:apricorn_log":8,"cobblemon:big_root":1,"minecraft:brewing_stand":1,"minecraft:carved_pumpkin":1,"minecraft:cave_vines_plant":1,"minecraft:ladder":6,"minecraft:dark_oak_fence":2,"minecraft:grass_block":172,"minecraft:decorated_pot":1,"minecraft:deepslate_bricks":1,"minecraft:spruce_leaves":9,"cobblemon:red_apricorn_sapling":2,"minecraft:moss_block":8,"minecraft:cartography_table":1,"minecraft:oxeye_daisy":3,"minecraft:spawner":2,"friendsandfoes:waxed_lightning_rod":1,"minecraft:furnace":4,"minecraft:iron_ore":28,"minecraft:barrel":3,"minecraft:andesite":6,"treechop:chopped_log":11,"minecraft:bell":2,"cobblemon:red_apricorn":6,"cobblemon:white_apricorn_sapling":1,"minecraft:pointed_dripstone":4,"minecraft:potatoes":81,"minecraft:vine":3,"minecraft:dirt_path":7,"minecraft:rail":1,"minecraft:stone":329,"minecraft:scaffolding":2,"minecraft:quartz_block":1,"minecraft:red_bed":7,"minecraft:kelp_plant":39,"cobblemon:black_apricorn_sapling":1,"minecraft:brick_wall":1,"minecraft:observer":4,"minecraft:dandelion":10,"minecraft:torch":6,"minecraft:oak_fence":1,"minecraft:clay":20,"minecraft:cornflower":3,"cobblemon:apricorn_leaves":442,"minecraft:poppy":10,"minecraft:chest":20,"minecraft:lectern":1,"minecraft:copper_ore":2,"minecraft:tall_grass":116,"minecraft:cobblestone":5,"minecraft:sugar_cane":4,"minecraft:diorite":4,"cobblemon:relic_coin_pouch":3,"minecraft:wall_torch":15,"minecraft:spruce_stairs":1,"minecraft:seagrass":12,"minecraft:lilac":3,"minecraft:birch_leaves":10,"minecraft:waxed_copper_block":1,"cobblemon:persim_berry":1,"minecraft:grass":266,"minecraft:oak_log":14,"minecraft:coal_ore":122,"minecraft:gravel":27,"minecraft:sand":2,"minecraft:dirt":286,"minecraft:cobweb":52,"cobblemon:sun_stone_ore":1,"minecraft:oak_leaves":31}},"DataVersion":3465}