{
  "knize1007:root": {
    "criteria": {
      "tick": "2024-05-28 16:55:08 +0000"
    },
    "done": true
  },
  "fumo:fumo_advancement": {
    "criteria": {
      "fumo_advancement": "2024-05-28 16:55:08 +0000"
    },
    "done": true
  },
  "fumo:fumo_tutorial_base_advancement": {
    "criteria": {
      "fumo_tutorial_base_advancement": "2024-05-28 16:55:08 +0000"
    },
    "done": true
  },
  "minecraft:recipes/decorations/crafting_table": {
    "criteria": {
      "unlock_right_away": "2024-05-28 16:55:08 +0000"
    },
    "done": true
  },
  "fumo:bootleg_fumo_advancement": {
    "criteria": {
      "bootleg_fumo_advancement": "2024-05-28 16:55:08 +0000"
    },
    "done": true
  },
  "knize1007:hostilemobs": {
    "criteria": {
      "tick": "2024-05-28 16:55:08 +0000"
    },
    "done": true
  },
  "minecraft:adventure/adventuring_time": {
    "criteria": {
      "minecraft:taiga": "2024-05-28 17:18:39 +0000",
      "minecraft:frozen_river": "2024-05-28 17:19:11 +0000",
      "minecraft:sunflower_plains": "2024-05-28 17:17:32 +0000",
      "minecraft:bamboo_jungle": "2024-05-28 17:16:33 +0000",
      "minecraft:wooded_badlands": "2024-05-28 17:15:39 +0000",
      "minecraft:beach": "2024-05-28 17:15:25 +0000",
      "minecraft:sparse_jungle": "2024-05-28 17:16:22 +0000",
      "minecraft:lukewarm_ocean": "2024-05-28 16:55:57 +0000",
      "minecraft:river": "2024-05-28 16:56:36 +0000",
      "minecraft:stony_shore": "2024-05-28 16:55:53 +0000",
      "minecraft:snowy_plains": "2024-05-28 17:19:19 +0000",
      "minecraft:snowy_taiga": "2024-05-28 17:19:13 +0000",
      "minecraft:forest": "2024-05-28 17:14:21 +0000",
      "minecraft:frozen_ocean": "2024-05-28 17:19:32 +0000",
      "minecraft:desert": "2024-05-28 17:15:43 +0000",
      "minecraft:deep_frozen_ocean": "2024-05-28 17:19:41 +0000",
      "minecraft:jungle": "2024-05-28 17:15:32 +0000",
      "minecraft:warm_ocean": "2024-05-28 17:15:59 +0000",
      "minecraft:savanna": "2024-05-28 16:55:09 +0000",
      "minecraft:plains": "2024-05-28 17:14:58 +0000"
    },
    "done": false
  },
  "cobblemon:recipes/transportation/apricorn_boat": {
    "criteria": {
      "in_water": "2024-05-28 16:56:40 +0000"
    },
    "done": true
  },
  "minecraft:recipes/transportation/cherry_boat": {
    "criteria": {
      "in_water": "2024-05-28 16:56:40 +0000"
    },
    "done": true
  },
  "minecraft:recipes/transportation/bamboo_raft": {
    "criteria": {
      "in_water": "2024-05-28 16:56:40 +0000"
    },
    "done": true
  },
  "minecraft:recipes/transportation/spruce_boat": {
    "criteria": {
      "in_water": "2024-05-28 16:56:40 +0000"
    },
    "done": true
  },
  "minecraft:recipes/transportation/birch_boat": {
    "criteria": {
      "in_water": "2024-05-28 16:56:40 +0000"
    },
    "done": true
  },
  "minecraft:recipes/transportation/oak_boat": {
    "criteria": {
      "in_water": "2024-05-28 16:56:40 +0000"
    },
    "done": true
  },
  "minecraft:recipes/transportation/mangrove_boat": {
    "criteria": {
      "in_water": "2024-05-28 16:56:40 +0000"
    },
    "done": true
  },
  "minecraft:recipes/transportation/acacia_boat": {
    "criteria": {
      "in_water": "2024-05-28 16:56:40 +0000"
    },
    "done": true
  },
  "minecraft:recipes/transportation/jungle_boat": {
    "criteria": {
      "in_water": "2024-05-28 16:56:40 +0000"
    },
    "done": true
  },
  "minecraft:recipes/transportation/dark_oak_boat": {
    "criteria": {
      "in_water": "2024-05-28 16:56:40 +0000"
    },
    "done": true
  },
  "DataVersion": 3465
}