{
  "iammusicplayer:iammusicplayer/listen_to_music": {
    "criteria": {
      "listen_to_music": "2024-05-15 14:42:07 +0000"
    },
    "done": true
  },
  "knize1007:root": {
    "criteria": {
      "tick": "2024-05-15 14:42:07 +0000"
    },
    "done": true
  },
  "fumo:fumo_advancement": {
    "criteria": {
      "fumo_advancement": "2024-05-15 14:42:07 +0000"
    },
    "done": true
  },
  "fumo:fumo_tutorial_base_advancement": {
    "criteria": {
      "fumo_tutorial_base_advancement": "2024-05-15 14:42:07 +0000"
    },
    "done": true
  },
  "minecraft:recipes/decorations/crafting_table": {
    "criteria": {
      "unlock_right_away": "2024-05-15 14:42:07 +0000"
    },
    "done": true
  },
  "iammusicplayer:iammusicplayer/root": {
    "criteria": {
      "iammusicplayer": "2024-05-15 14:42:07 +0000"
    },
    "done": true
  },
  "fumo:bootleg_fumo_advancement": {
    "criteria": {
      "bootleg_fumo_advancement": "2024-05-15 14:42:07 +0000"
    },
    "done": true
  },
  "knize1007:hostilemobs": {
    "criteria": {
      "tick": "2024-05-15 14:42:07 +0000"
    },
    "done": true
  },
  "iammusicplayer:iammusicplayer/listen_to_remote_music": {
    "criteria": {
      "listen_to_remote_music": "2024-05-15 14:42:07 +0000"
    },
    "done": true
  },
  "knize1007:day10": {
    "criteria": {
      "play25days": "2024-05-15 14:42:08 +0000"
    },
    "done": true
  },
  "minecraft:adventure/adventuring_time": {
    "criteria": {
      "minecraft:taiga": "2024-05-19 09:14:15 +0000",
      "minecraft:birch_forest": "2024-05-19 09:11:22 +0000",
      "minecraft:beach": "2024-05-19 10:11:28 +0000",
      "minecraft:dark_forest": "2024-05-19 09:11:53 +0000",
      "minecraft:river": "2024-05-15 15:09:07 +0000",
      "minecraft:dripstone_caves": "2024-05-19 06:03:04 +0000",
      "minecraft:grove": "2024-05-19 09:13:21 +0000",
      "minecraft:forest": "2024-05-18 17:24:12 +0000",
      "minecraft:lush_caves": "2024-05-19 09:32:32 +0000",
      "minecraft:ocean": "2024-05-19 10:12:39 +0000",
      "minecraft:frozen_peaks": "2024-05-19 09:13:32 +0000",
      "minecraft:old_growth_birch_forest": "2024-05-19 09:13:08 +0000",
      "minecraft:meadow": "2024-05-19 06:27:01 +0000",
      "minecraft:plains": "2024-05-15 14:42:08 +0000"
    },
    "done": false
  },
  "cobblemon:root": {
    "criteria": {
      "picked_starter": "2024-05-15 14:44:48 +0000"
    },
    "done": true
  },
  "cobblemon:recipes/transportation/apricorn_boat": {
    "criteria": {
      "in_water": "2024-05-15 14:46:01 +0000"
    },
    "done": true
  },
  "minecraft:recipes/transportation/cherry_boat": {
    "criteria": {
      "in_water": "2024-05-15 14:46:01 +0000"
    },
    "done": true
  },
  "minecraft:recipes/transportation/bamboo_raft": {
    "criteria": {
      "in_water": "2024-05-15 14:46:01 +0000"
    },
    "done": true
  },
  "minecraft:recipes/transportation/spruce_boat": {
    "criteria": {
      "in_water": "2024-05-15 14:46:01 +0000"
    },
    "done": true
  },
  "minecraft:recipes/transportation/birch_boat": {
    "criteria": {
      "in_water": "2024-05-15 14:46:01 +0000"
    },
    "done": true
  },
  "minecraft:recipes/transportation/oak_boat": {
    "criteria": {
      "in_water": "2024-05-15 14:46:01 +0000"
    },
    "done": true
  },
  "minecraft:recipes/transportation/mangrove_boat": {
    "criteria": {
      "in_water": "2024-05-15 14:46:01 +0000"
    },
    "done": true
  },
  "minecraft:recipes/transportation/acacia_boat": {
    "criteria": {
      "in_water": "2024-05-15 14:46:01 +0000"
    },
    "done": true
  },
  "minecraft:recipes/transportation/jungle_boat": {
    "criteria": {
      "in_water": "2024-05-15 14:46:01 +0000"
    },
    "done": true
  },
  "minecraft:recipes/transportation/dark_oak_boat": {
    "criteria": {
      "in_water": "2024-05-15 14:46:01 +0000"
    },
    "done": true
  },
  "minecraft:adventure/kill_all_mobs": {
    "criteria": {
      "minecraft:pillager": "2024-05-19 09:28:05 +0000",
      "minecraft:skeleton": "2024-05-18 18:11:09 +0000",
      "minecraft:enderman": "2024-05-19 08:31:54 +0000",
      "minecraft:zombie": "2024-05-15 15:20:09 +0000"
    },
    "done": false
  },
  "minecraft:adventure/root": {
    "criteria": {
      "killed_something": "2024-05-15 15:20:09 +0000"
    },
    "done": true
  },
  "minecraft:adventure/kill_a_mob": {
    "criteria": {
      "minecraft:zombie": "2024-05-15 15:20:09 +0000"
    },
    "done": true
  },
  "cobblemon:recipes/held/soft_sand": {
    "criteria": {
      "has_sand": "2024-05-15 15:23:57 +0000"
    },
    "done": true
  },
  "minecraft:recipes/building_blocks/light_gray_concrete_powder": {
    "criteria": {
      "has_sand": "2024-05-15 15:23:57 +0000"
    },
    "done": true
  },
  "minecraft:recipes/building_blocks/pink_concrete_powder": {
    "criteria": {
      "has_sand": "2024-05-15 15:23:57 +0000"
    },
    "done": true
  },
  "minecraft:recipes/building_blocks/red_concrete_powder": {
    "criteria": {
      "has_sand": "2024-05-15 15:23:57 +0000"
    },
    "done": true
  },
  "minecraft:recipes/building_blocks/brown_concrete_powder": {
    "criteria": {
      "has_sand": "2024-05-15 15:23:57 +0000"
    },
    "done": true
  },
  "minecraft:recipes/building_blocks/light_blue_concrete_powder": {
    "criteria": {
      "has_sand": "2024-05-15 15:23:57 +0000"
    },
    "done": true
  },
  "minecraft:recipes/building_blocks/glass": {
    "criteria": {
      "has_smelts_to_glass": "2024-05-15 15:23:57 +0000"
    },
    "done": true
  },
  "minecraft:recipes/building_blocks/green_concrete_powder": {
    "criteria": {
      "has_sand": "2024-05-15 15:23:57 +0000"
    },
    "done": true
  },
  "minecraft:recipes/building_blocks/blue_concrete_powder": {
    "criteria": {
      "has_sand": "2024-05-15 15:23:57 +0000"
    },
    "done": true
  },
  "minecraft:recipes/building_blocks/white_concrete_powder": {
    "criteria": {
      "has_sand": "2024-05-15 15:23:57 +0000"
    },
    "done": true
  },
  "minecraft:recipes/building_blocks/lime_concrete_powder": {
    "criteria": {
      "has_sand": "2024-05-15 15:23:57 +0000"
    },
    "done": true
  },
  "minecraft:recipes/building_blocks/orange_concrete_powder": {
    "criteria": {
      "has_sand": "2024-05-15 15:23:57 +0000"
    },
    "done": true
  },
  "minecraft:recipes/building_blocks/magenta_concrete_powder": {
    "criteria": {
      "has_sand": "2024-05-15 15:23:57 +0000"
    },
    "done": true
  },
  "minecraft:recipes/building_blocks/yellow_concrete_powder": {
    "criteria": {
      "has_sand": "2024-05-15 15:23:57 +0000"
    },
    "done": true
  },
  "minecraft:recipes/building_blocks/sandstone": {
    "criteria": {
      "has_sand": "2024-05-15 15:23:57 +0000"
    },
    "done": true
  },
  "minecraft:recipes/building_blocks/gray_concrete_powder": {
    "criteria": {
      "has_sand": "2024-05-15 15:23:57 +0000"
    },
    "done": true
  },
  "minecraft:recipes/building_blocks/black_concrete_powder": {
    "criteria": {
      "has_sand": "2024-05-15 15:23:57 +0000"
    },
    "done": true
  },
  "minecraft:recipes/building_blocks/purple_concrete_powder": {
    "criteria": {
      "has_sand": "2024-05-15 15:23:57 +0000"
    },
    "done": true
  },
  "minecraft:recipes/building_blocks/cyan_concrete_powder": {
    "criteria": {
      "has_sand": "2024-05-15 15:23:57 +0000"
    },
    "done": true
  },
  "minecraft:adventure/sleep_in_bed": {
    "criteria": {
      "slept_in_bed": "2024-05-15 15:24:51 +0000"
    },
    "done": true
  },
  "minecraft:husbandry/root": {
    "criteria": {
      "consumed_item": "2024-05-18 17:08:34 +0000"
    },
    "done": true
  },
  "minecraft:husbandry/balanced_diet": {
    "criteria": {
      "apple": "2024-05-19 08:07:40 +0000",
      "rabbit": "2024-05-18 18:27:47 +0000",
      "bread": "2024-05-18 17:08:34 +0000"
    },
    "done": false
  },
  "cobblemon:recipes/balls/dream_ball": {
    "criteria": {
      "has_red_apricorn": "2024-05-18 17:09:52 +0000"
    },
    "done": false
  },
  "cobblemon:recipes/balls/repeat_ball": {
    "criteria": {
      "has_black_apricorn": "2024-05-18 17:24:17 +0000",
      "has_yellow_apricorn": "2024-05-18 17:25:37 +0000",
      "has_red_apricorn": "2024-05-18 17:09:52 +0000"
    },
    "done": true
  },
  "cobblemon:recipes/balls/level_ball": {
    "criteria": {
      "has_black_apricorn": "2024-05-18 17:24:17 +0000",
      "has_red_apricorn": "2024-05-18 17:09:52 +0000",
      "has_yellow_apricorn": "2024-05-18 17:25:37 +0000"
    },
    "done": false
  },
  "cobblemon:harvest_apricorn_seed": {
    "criteria": {
      "check_inv": "2024-05-18 17:09:52 +0000"
    },
    "done": true
  },
  "cobblemon:harvest_apricorn": {
    "criteria": {
      "check_inv": "2024-05-18 17:09:52 +0000"
    },
    "done": true
  },
  "cobblemon:recipes/agriculture/red_apricorn_smelt_to_dye": {
    "criteria": {
      "has_apricorn": "2024-05-18 17:09:52 +0000"
    },
    "done": true
  },
  "cobblemon:recipes/balls/fast_ball": {
    "criteria": {
      "has_white_apricorn": "2024-05-18 18:18:02 +0000",
      "has_red_apricorn": "2024-05-18 17:09:52 +0000",
      "has_yellow_apricorn": "2024-05-18 17:25:37 +0000"
    },
    "done": true
  },
  "cobblemon:any_plant": {
    "criteria": {
      "check_inv": "2024-05-18 17:09:52 +0000"
    },
    "done": true
  },
  "cobblemon:recipes/balls/friend_ball": {
    "criteria": {
      "has_green_apricorn": "2024-05-18 17:22:35 +0000",
      "has_yellow_apricorn": "2024-05-18 17:25:37 +0000",
      "has_red_apricorn": "2024-05-18 17:09:52 +0000"
    },
    "done": true
  },
  "cobblemon:recipes/balls/great_ball": {
    "criteria": {
      "has_red_apricorn": "2024-05-18 17:09:52 +0000"
    },
    "done": false
  },
  "cobblemon:recipes/balls/park_ball": {
    "criteria": {
      "has_green_apricorn": "2024-05-18 17:22:35 +0000",
      "has_red_apricorn": "2024-05-18 17:09:52 +0000"
    },
    "done": true
  },
  "cobblemon:recipes/balls/luxury_ball": {
    "criteria": {
      "has_black_apricorn": "2024-05-18 17:24:17 +0000",
      "has_yellow_apricorn": "2024-05-18 17:25:37 +0000",
      "has_red_apricorn": "2024-05-18 17:09:52 +0000"
    },
    "done": true
  },
  "cobblemon:recipes/balls/sport_ball": {
    "criteria": {
      "has_white_apricorn": "2024-05-18 18:18:02 +0000",
      "has_red_apricorn": "2024-05-18 17:09:52 +0000"
    },
    "done": true
  },
  "cobblemon:recipes/balls/timer_ball": {
    "criteria": {
      "has_black_apricorn": "2024-05-18 17:24:17 +0000",
      "has_white_apricorn": "2024-05-18 18:18:02 +0000",
      "has_red_apricorn": "2024-05-18 17:09:52 +0000"
    },
    "done": true
  },
  "cobblemon:recipes/balls/lure_ball": {
    "criteria": {
      "has_green_apricorn": "2024-05-18 17:22:35 +0000",
      "has_red_apricorn": "2024-05-18 17:09:52 +0000"
    },
    "done": false
  },
  "cobblemon:recipes/balls/poke_ball": {
    "criteria": {
      "has_red_apricorn": "2024-05-18 17:09:52 +0000"
    },
    "done": true
  },
  "minecraft:recipes/building_blocks/emerald_block": {
    "criteria": {
      "has_emerald": "2024-05-18 17:15:33 +0000"
    },
    "done": true
  },
  "minecraft:recipes/combat/iron_leggings": {
    "criteria": {
      "has_iron_ingot": "2024-05-18 17:17:07 +0000"
    },
    "done": true
  },
  "cobblemon:recipes/blocks/healing_machine": {
    "criteria": {
      "has_iron_ingot": "2024-05-18 17:17:07 +0000"
    },
    "done": true
  },
  "minecraft:recipes/combat/iron_chestplate": {
    "criteria": {
      "has_iron_ingot": "2024-05-18 17:17:07 +0000"
    },
    "done": true
  },
  "minecraft:recipes/misc/iron_nugget": {
    "criteria": {
      "has_iron_ingot": "2024-05-18 17:17:07 +0000"
    },
    "done": true
  },
  "minecraft:recipes/misc/bucket": {
    "criteria": {
      "has_iron_ingot": "2024-05-18 17:17:07 +0000"
    },
    "done": true
  },
  "minecraft:recipes/combat/iron_helmet": {
    "criteria": {
      "has_iron_ingot": "2024-05-18 17:17:07 +0000"
    },
    "done": true
  },
  "minecraft:recipes/transportation/minecart": {
    "criteria": {
      "has_iron_ingot": "2024-05-18 17:17:07 +0000"
    },
    "done": true
  },
  "minecraft:recipes/tools/iron_hoe": {
    "criteria": {
      "has_iron_ingot": "2024-05-18 17:17:07 +0000"
    },
    "done": true
  },
  "minecraft:story/smelt_iron": {
    "criteria": {
      "iron": "2024-05-18 17:17:07 +0000"
    },
    "done": true
  },
  "minecraft:recipes/tools/shears": {
    "criteria": {
      "has_iron_ingot": "2024-05-18 17:17:07 +0000"
    },
    "done": true
  },
  "minecraft:recipes/decorations/chain": {
    "criteria": {
      "has_iron_ingot": "2024-05-18 17:17:07 +0000"
    },
    "done": true
  },
  "minecraft:recipes/building_blocks/iron_block": {
    "criteria": {
      "has_iron_ingot": "2024-05-18 17:17:07 +0000"
    },
    "done": true
  },
  "minecraft:recipes/misc/red_dye_from_poppy": {
    "criteria": {
      "has_poppy": "2024-05-18 17:17:07 +0000"
    },
    "done": true
  },
  "minecraft:recipes/decorations/smithing_table": {
    "criteria": {
      "has_iron_ingot": "2024-05-18 17:17:07 +0000"
    },
    "done": true
  },
  "cobblemon:recipes/blocks/pc": {
    "criteria": {
      "has_iron_ingot": "2024-05-18 17:17:07 +0000"
    },
    "done": true
  },
  "minecraft:recipes/combat/iron_sword": {
    "criteria": {
      "has_iron_ingot": "2024-05-18 17:17:07 +0000"
    },
    "done": true
  },
  "minecraft:recipes/tools/iron_pickaxe": {
    "criteria": {
      "has_iron_ingot": "2024-05-18 17:17:07 +0000"
    },
    "done": true
  },
  "minecraft:recipes/combat/shield": {
    "criteria": {
      "has_iron_ingot": "2024-05-18 17:17:07 +0000"
    },
    "done": true
  },
  "minecraft:recipes/redstone/hopper": {
    "criteria": {
      "has_iron_ingot": "2024-05-18 17:17:07 +0000"
    },
    "done": true
  },
  "minecraft:recipes/decorations/iron_bars": {
    "criteria": {
      "has_iron_ingot": "2024-05-18 17:17:07 +0000"
    },
    "done": true
  },
  "minecraft:recipes/combat/iron_boots": {
    "criteria": {
      "has_iron_ingot": "2024-05-18 17:17:07 +0000"
    },
    "done": true
  },
  "minecraft:recipes/decorations/lantern": {
    "criteria": {
      "has_iron_ingot": "2024-05-18 17:17:07 +0000"
    },
    "done": true
  },
  "minecraft:recipes/tools/iron_shovel": {
    "criteria": {
      "has_iron_ingot": "2024-05-18 17:17:07 +0000"
    },
    "done": true
  },
  "minecraft:recipes/redstone/iron_trapdoor": {
    "criteria": {
      "has_iron_ingot": "2024-05-18 17:17:07 +0000"
    },
    "done": true
  },
  "minecraft:recipes/tools/iron_axe": {
    "criteria": {
      "has_iron_ingot": "2024-05-18 17:17:07 +0000"
    },
    "done": true
  },
  "minecraft:recipes/combat/crossbow": {
    "criteria": {
      "has_iron_ingot": "2024-05-18 17:17:07 +0000"
    },
    "done": true
  },
  "cobblemon:recipes/evolution/metal_coat": {
    "criteria": {
      "has_iron": "2024-05-18 17:17:07 +0000"
    },
    "done": true
  },
  "minecraft:recipes/redstone/iron_door": {
    "criteria": {
      "has_iron_ingot": "2024-05-18 17:17:07 +0000"
    },
    "done": true
  },
  "minecraft:recipes/redstone/heavy_weighted_pressure_plate": {
    "criteria": {
      "has_iron_ingot": "2024-05-18 17:17:07 +0000"
    },
    "done": true
  },
  "cobblemon:recipes/balls/dusk_ball": {
    "criteria": {
      "has_black_apricorn": "2024-05-18 17:24:17 +0000",
      "has_green_apricorn": "2024-05-18 17:22:35 +0000"
    },
    "done": true
  },
  "minecraft:recipes/decorations/chest": {
    "criteria": {
      "has_lots_of_items": "2024-05-18 17:22:35 +0000"
    },
    "done": true
  },
  "cobblemon:recipes/agriculture/green_apricorn_smelt_to_dye": {
    "criteria": {
      "has_apricorn": "2024-05-18 17:22:35 +0000"
    },
    "done": true
  },
  "cobblemon:recipes/balls/nest_ball": {
    "criteria": {
      "has_green_apricorn": "2024-05-18 17:22:35 +0000",
      "has_yellow_apricorn": "2024-05-18 17:25:37 +0000"
    },
    "done": true
  },
  "cobblemon:recipes/balls/safari_ball": {
    "criteria": {
      "has_green_apricorn": "2024-05-18 17:22:35 +0000",
      "has_white_apricorn": "2024-05-18 18:18:02 +0000",
      "has_yellow_apricorn": "2024-05-18 17:25:37 +0000"
    },
    "done": true
  },
  "cobblemon:recipes/balls/verdant_ball": {
    "criteria": {
      "has_green_apricorn": "2024-05-18 17:22:35 +0000"
    },
    "done": true
  },
  "cobblemon:recipes/agriculture/black_apricorn_smelt_to_dye": {
    "criteria": {
      "has_apricorn": "2024-05-18 17:24:17 +0000"
    },
    "done": true
  },
  "cobblemon:recipes/balls/heavy_ball": {
    "criteria": {
      "has_black_apricorn": "2024-05-18 17:24:17 +0000"
    },
    "done": false
  },
  "cobblemon:recipes/balls/moon_ball": {
    "criteria": {
      "has_black_apricorn": "2024-05-18 17:24:17 +0000",
      "has_white_apricorn": "2024-05-18 18:18:02 +0000",
      "has_yellow_apricorn": "2024-05-18 17:25:37 +0000"
    },
    "done": false
  },
  "cobblemon:recipes/balls/ultra_ball": {
    "criteria": {
      "has_black_apricorn": "2024-05-18 17:24:17 +0000",
      "has_yellow_apricorn": "2024-05-18 17:25:37 +0000"
    },
    "done": true
  },
  "cobblemon:recipes/balls/slate_ball": {
    "criteria": {
      "has_black_apricorn": "2024-05-18 17:24:17 +0000"
    },
    "done": true
  },
  "cobblemon:recipes/balls/net_ball": {
    "criteria": {
      "has_black_apricorn": "2024-05-18 17:24:17 +0000",
      "has_white_apricorn": "2024-05-18 18:18:02 +0000"
    },
    "done": false
  },
  "cobblemon:recipes/blocks/apricorn_planks": {
    "criteria": {
      "has_apricorn_log": "2024-05-18 17:25:04 +0000"
    },
    "done": true
  },
  "minecraft:recipes/misc/charcoal": {
    "criteria": {
      "has_log": "2024-05-18 17:25:04 +0000"
    },
    "done": true
  },
  "cobblemon:recipes/blocks/apricorn_wood": {
    "criteria": {
      "has_log": "2024-05-18 17:25:04 +0000"
    },
    "done": true
  },
  "cobblemon:recipes/agriculture/yellow_apricorn_smelt_to_dye": {
    "criteria": {
      "has_apricorn": "2024-05-18 17:25:37 +0000"
    },
    "done": true
  },
  "cobblemon:recipes/balls/citrine_ball": {
    "criteria": {
      "has_yellow_apricorn": "2024-05-18 17:25:37 +0000"
    },
    "done": true
  },
  "cobblemon:recipes/balls/quick_ball": {
    "criteria": {
      "has_yellow_apricorn": "2024-05-18 17:25:37 +0000"
    },
    "done": false
  },
  "minecraft:recipes/misc/magenta_dye_from_lilac": {
    "criteria": {
      "has_lilac": "2024-05-18 17:25:46 +0000"
    },
    "done": true
  },
  "cobblemon:brew_all": {
    "criteria": {
      "obtain_hyper_potion": "2024-05-19 07:16:39 +0000",
      "obtain_potion": "2024-05-19 09:10:44 +0000",
      "obtain_ether": "2024-05-18 17:38:19 +0000"
    },
    "done": false
  },
  "minecraft:recipes/misc/gold_nugget_from_smelting": {
    "criteria": {
      "has_golden_chestplate": "2024-05-18 17:38:44 +0000"
    },
    "done": true
  },
  "minecraft:recipes/misc/gold_nugget_from_blasting": {
    "criteria": {
      "has_golden_chestplate": "2024-05-18 17:38:44 +0000"
    },
    "done": true
  },
  "minecraft:recipes/tools/flint_and_steel": {
    "criteria": {
      "has_obsidian": "2024-05-18 17:38:45 +0000"
    },
    "done": true
  },
  "minecraft:story/form_obsidian": {
    "criteria": {
      "obsidian": "2024-05-18 17:38:45 +0000"
    },
    "done": true
  },
  "minecraft:recipes/decorations/enchanting_table": {
    "criteria": {
      "has_obsidian": "2024-05-18 17:38:45 +0000"
    },
    "done": true
  },
  "minecraft:recipes/food/cooked_mutton_from_smoking": {
    "criteria": {
      "has_mutton": "2024-05-18 17:39:06 +0000"
    },
    "done": true
  },
  "minecraft:recipes/decorations/painting": {
    "criteria": {
      "has_wool": "2024-05-18 17:39:06 +0000"
    },
    "done": true
  },
  "minecraft:recipes/decorations/white_carpet": {
    "criteria": {
      "has_white_wool": "2024-05-18 17:39:06 +0000"
    },
    "done": true
  },
  "minecraft:recipes/food/cooked_mutton": {
    "criteria": {
      "has_mutton": "2024-05-18 17:39:06 +0000"
    },
    "done": true
  },
  "minecraft:recipes/decorations/white_banner": {
    "criteria": {
      "has_white_wool": "2024-05-18 17:39:06 +0000"
    },
    "done": true
  },
  "minecraft:recipes/food/cooked_mutton_from_campfire_cooking": {
    "criteria": {
      "has_mutton": "2024-05-18 17:39:06 +0000"
    },
    "done": true
  },
  "cobblemon:recipes/held/silk_scarf": {
    "criteria": {
      "has_wool": "2024-05-18 17:39:06 +0000"
    },
    "done": true
  },
  "minecraft:recipes/decorations/white_bed": {
    "criteria": {
      "has_white_wool": "2024-05-18 17:39:06 +0000"
    },
    "done": true
  },
  "cobblemon:craft_base_balls": {
    "criteria": {
      "poke_ball": "2024-05-19 09:09:46 +0000",
      "citrine_ball": "2024-05-18 17:41:11 +0000"
    },
    "done": false
  },
  "cobblemon:craft_all_balls": {
    "criteria": {
      "poke_ball": "2024-05-19 09:09:46 +0000",
      "citrine_ball": "2024-05-18 17:41:11 +0000"
    },
    "done": false
  },
  "cobblemon:craft_poke_ball": {
    "criteria": {
      "requirement": "2024-05-18 17:41:11 +0000"
    },
    "done": true
  },
  "cobblemon:obtain_berry": {
    "criteria": {
      "check_inv": "2024-05-18 17:41:15 +0000"
    },
    "done": true
  },
  "cobblemon:obtain_all_berries": {
    "criteria": {
      "obtain_pinap_berry": "2024-05-19 08:33:39 +0000",
      "obtain_oran_berry": "2024-05-18 17:41:15 +0000"
    },
    "done": false
  },
  "cobblemon:recipes/agriculture/mulch_base": {
    "criteria": {
      "has_berry": "2024-05-18 17:41:15 +0000"
    },
    "done": true
  },
  "minecraft:recipes/misc/yellow_dye_from_dandelion": {
    "criteria": {
      "has_dandelion": "2024-05-18 17:44:43 +0000"
    },
    "done": true
  },
  "minecraft:recipes/misc/blue_dye_from_cornflower": {
    "criteria": {
      "has_cornflower": "2024-05-18 17:44:43 +0000"
    },
    "done": true
  },
  "minecraft:recipes/misc/flower_banner_pattern": {
    "criteria": {
      "has_oxeye_daisy": "2024-05-18 17:44:45 +0000"
    },
    "done": true
  },
  "minecraft:recipes/misc/light_gray_dye_from_oxeye_daisy": {
    "criteria": {
      "has_oxeye_daisy": "2024-05-18 17:44:45 +0000"
    },
    "done": true
  },
  "minecraft:recipes/decorations/ladder": {
    "criteria": {
      "has_stick": "2024-05-18 17:46:05 +0000"
    },
    "done": true
  },
  "minecraft:recipes/tools/wooden_axe": {
    "criteria": {
      "has_stick": "2024-05-18 17:46:05 +0000"
    },
    "done": true
  },
  "minecraft:recipes/decorations/campfire": {
    "criteria": {
      "has_stick": "2024-05-18 17:46:05 +0000"
    },
    "done": true
  },
  "minecraft:recipes/tools/wooden_hoe": {
    "criteria": {
      "has_stick": "2024-05-18 17:46:05 +0000"
    },
    "done": true
  },
  "minecraft:recipes/tools/wooden_pickaxe": {
    "criteria": {
      "has_stick": "2024-05-18 17:46:05 +0000"
    },
    "done": true
  },
  "minecraft:recipes/tools/wooden_shovel": {
    "criteria": {
      "has_stick": "2024-05-18 17:46:05 +0000"
    },
    "done": true
  },
  "minecraft:recipes/combat/wooden_sword": {
    "criteria": {
      "has_stick": "2024-05-18 17:46:05 +0000"
    },
    "done": true
  },
  "cobblemon:rainbow_apricorns": {
    "criteria": {
      "place_black": "2024-05-18 18:01:59 +0000",
      "place_white": "2024-05-18 18:01:51 +0000",
      "place_red": "2024-05-18 17:49:54 +0000"
    },
    "done": false
  },
  "cobblemon:recipes/blocks/apricorn_stairs": {
    "criteria": {
      "has_planks": "2024-05-18 18:03:48 +0000"
    },
    "done": true
  },
  "cobblemon:recipes/blocks/apricorn_slab": {
    "criteria": {
      "has_planks": "2024-05-18 18:03:48 +0000"
    },
    "done": true
  },
  "minecraft:recipes/misc/stick": {
    "criteria": {
      "has_planks": "2024-05-18 18:03:48 +0000"
    },
    "done": true
  },
  "cobblemon:recipes/blocks/apricorn_trapdoor": {
    "criteria": {
      "has_planks": "2024-05-18 18:03:48 +0000"
    },
    "done": true
  },
  "cobblemon:recipes/blocks/apricorn_button": {
    "criteria": {
      "has_planks": "2024-05-18 18:03:48 +0000"
    },
    "done": true
  },
  "cobblemon:recipes/blocks/apricorn_sign": {
    "criteria": {
      "has_planks": "2024-05-18 18:03:48 +0000"
    },
    "done": true
  },
  "cobblemon:recipes/blocks/apricorn_fence": {
    "criteria": {
      "has_planks": "2024-05-18 18:03:48 +0000"
    },
    "done": true
  },
  "cobblemon:recipes/blocks/apricorn_pressure_plate": {
    "criteria": {
      "has_planks": "2024-05-18 18:03:48 +0000"
    },
    "done": true
  },
  "cobblemon:recipes/blocks/apricorn_fence_gate": {
    "criteria": {
      "has_planks": "2024-05-18 18:03:48 +0000"
    },
    "done": true
  },
  "cobblemon:recipes/blocks/apricorn_door": {
    "criteria": {
      "has_planks": "2024-05-18 18:03:48 +0000"
    },
    "done": true
  },
  "minecraft:recipes/decorations/barrel": {
    "criteria": {
      "has_planks": "2024-05-18 18:03:48 +0000"
    },
    "done": true
  },
  "minecraft:recipes/redstone/lever": {
    "criteria": {
      "has_cobblestone": "2024-05-18 18:04:21 +0000"
    },
    "done": true
  },
  "minecraft:recipes/combat/stone_sword": {
    "criteria": {
      "has_cobblestone": "2024-05-18 18:04:21 +0000"
    },
    "done": true
  },
  "minecraft:recipes/decorations/cobblestone_wall": {
    "criteria": {
      "has_cobblestone": "2024-05-18 18:04:21 +0000"
    },
    "done": true
  },
  "minecraft:recipes/tools/stone_axe": {
    "criteria": {
      "has_cobblestone": "2024-05-18 18:04:21 +0000"
    },
    "done": true
  },
  "minecraft:story/mine_stone": {
    "criteria": {
      "get_stone": "2024-05-18 18:04:21 +0000"
    },
    "done": true
  },
  "minecraft:recipes/decorations/furnace": {
    "criteria": {
      "has_cobblestone": "2024-05-18 18:04:21 +0000"
    },
    "done": true
  },
  "minecraft:recipes/building_blocks/cobblestone_slab_from_cobblestone_stonecutting": {
    "criteria": {
      "has_cobblestone": "2024-05-18 18:04:21 +0000"
    },
    "done": true
  },
  "minecraft:recipes/building_blocks/stone": {
    "criteria": {
      "has_cobblestone": "2024-05-18 18:04:21 +0000"
    },
    "done": true
  },
  "minecraft:recipes/tools/stone_pickaxe": {
    "criteria": {
      "has_cobblestone": "2024-05-18 18:04:21 +0000"
    },
    "done": true
  },
  "minecraft:recipes/building_blocks/cobblestone_slab": {
    "criteria": {
      "has_cobblestone": "2024-05-18 18:04:21 +0000"
    },
    "done": true
  },
  "minecraft:recipes/decorations/cobblestone_wall_from_cobblestone_stonecutting": {
    "criteria": {
      "has_cobblestone": "2024-05-18 18:04:21 +0000"
    },
    "done": true
  },
  "minecraft:recipes/building_blocks/cobblestone_stairs_from_cobblestone_stonecutting": {
    "criteria": {
      "has_cobblestone": "2024-05-18 18:04:21 +0000"
    },
    "done": true
  },
  "minecraft:recipes/building_blocks/cobblestone_stairs": {
    "criteria": {
      "has_cobblestone": "2024-05-18 18:04:21 +0000"
    },
    "done": true
  },
  "minecraft:recipes/tools/stone_hoe": {
    "criteria": {
      "has_cobblestone": "2024-05-18 18:04:21 +0000"
    },
    "done": true
  },
  "minecraft:recipes/tools/stone_shovel": {
    "criteria": {
      "has_cobblestone": "2024-05-18 18:04:21 +0000"
    },
    "done": true
  },
  "cobblemon:recipes/held/ability_shield": {
    "criteria": {
      "has_shield": "2024-05-18 18:04:52 +0000"
    },
    "done": true
  },
  "minecraft:story/deflect_arrow": {
    "criteria": {
      "deflected_projectile": "2024-05-18 18:05:36 +0000"
    },
    "done": true
  },
  "minecraft:recipes/misc/bone_meal": {
    "criteria": {
      "has_bone": "2024-05-18 18:05:57 +0000"
    },
    "done": true
  },
  "minecraft:recipes/food/cake": {
    "criteria": {
      "has_egg": "2024-05-18 18:06:57 +0000"
    },
    "done": true
  },
  "minecraft:recipes/misc/white_dye": {
    "criteria": {
      "has_bone_meal": "2024-05-18 18:11:53 +0000"
    },
    "done": true
  },
  "minecraft:recipes/building_blocks/bone_block": {
    "criteria": {
      "has_bone_meal": "2024-05-18 18:11:53 +0000"
    },
    "done": true
  },
  "knize1007:day20": {
    "criteria": {
      "play25days": "2024-05-18 18:12:28 +0000"
    },
    "done": true
  },
  "cobblemon:healing_machine": {
    "criteria": {
      "use_healing_machine": "2024-05-18 18:13:58 +0000"
    },
    "done": true
  },
  "minecraft:recipes/food/cooked_porkchop_from_campfire_cooking": {
    "criteria": {
      "has_porkchop": "2024-05-18 18:17:23 +0000"
    },
    "done": true
  },
  "minecraft:recipes/food/cooked_porkchop": {
    "criteria": {
      "has_porkchop": "2024-05-18 18:17:23 +0000"
    },
    "done": true
  },
  "minecraft:recipes/food/cooked_porkchop_from_smoking": {
    "criteria": {
      "has_porkchop": "2024-05-18 18:17:23 +0000"
    },
    "done": true
  },
  "cobblemon:recipes/balls/heal_ball": {
    "criteria": {
      "has_white_apricorn": "2024-05-18 18:18:02 +0000"
    },
    "done": false
  },
  "cobblemon:recipes/balls/dive_ball": {
    "criteria": {
      "has_white_apricorn": "2024-05-18 18:18:02 +0000"
    },
    "done": false
  },
  "cobblemon:recipes/balls/premier_ball": {
    "criteria": {
      "has_white_apricorn": "2024-05-18 18:18:02 +0000"
    },
    "done": true
  },
  "cobblemon:recipes/balls/love_ball": {
    "criteria": {
      "has_white_apricorn": "2024-05-18 18:18:02 +0000"
    },
    "done": false
  },
  "cobblemon:recipes/agriculture/white_apricorn_smelt_to_dye": {
    "criteria": {
      "has_apricorn": "2024-05-18 18:18:02 +0000"
    },
    "done": true
  },
  "minecraft:recipes/food/cooked_chicken_from_campfire_cooking": {
    "criteria": {
      "has_chicken": "2024-05-18 18:24:18 +0000"
    },
    "done": true
  },
  "minecraft:recipes/food/cooked_chicken": {
    "criteria": {
      "has_chicken": "2024-05-18 18:24:18 +0000"
    },
    "done": true
  },
  "minecraft:recipes/combat/arrow": {
    "criteria": {
      "has_feather": "2024-05-18 18:24:18 +0000"
    },
    "done": true
  },
  "minecraft:recipes/food/cooked_chicken_from_smoking": {
    "criteria": {
      "has_chicken": "2024-05-18 18:24:18 +0000"
    },
    "done": true
  },
  "minecraft:recipes/food/cooked_rabbit": {
    "criteria": {
      "has_rabbit": "2024-05-18 18:27:42 +0000"
    },
    "done": true
  },
  "minecraft:recipes/food/cooked_rabbit_from_smoking": {
    "criteria": {
      "has_rabbit": "2024-05-18 18:27:42 +0000"
    },
    "done": true
  },
  "minecraft:recipes/food/cooked_rabbit_from_campfire_cooking": {
    "criteria": {
      "has_rabbit": "2024-05-18 18:27:42 +0000"
    },
    "done": true
  },
  "minecraft:recipes/misc/leather": {
    "criteria": {
      "has_rabbit_hide": "2024-05-18 18:27:42 +0000"
    },
    "done": true
  },
  "minecraft:recipes/food/baked_potato_from_campfire_cooking": {
    "criteria": {
      "has_potato": "2024-05-19 05:22:20 +0000"
    },
    "done": true
  },
  "minecraft:recipes/food/baked_potato": {
    "criteria": {
      "has_potato": "2024-05-19 05:22:20 +0000"
    },
    "done": true
  },
  "minecraft:recipes/food/baked_potato_from_smoking": {
    "criteria": {
      "has_potato": "2024-05-19 05:22:20 +0000"
    },
    "done": true
  },
  "minecraft:recipes/decorations/torch": {
    "criteria": {
      "has_stone_pickaxe": "2024-05-19 05:27:47 +0000"
    },
    "done": true
  },
  "minecraft:story/upgrade_tools": {
    "criteria": {
      "stone_pickaxe": "2024-05-19 05:27:47 +0000"
    },
    "done": true
  },
  "minecraft:recipes/brewing/cauldron": {
    "criteria": {
      "has_water_bucket": "2024-05-19 05:36:03 +0000"
    },
    "done": true
  },
  "minecraft:recipes/building_blocks/coal_block": {
    "criteria": {
      "has_coal": "2024-05-19 05:40:25 +0000"
    },
    "done": true
  },
  "minecraft:recipes/building_blocks/oak_planks": {
    "criteria": {
      "has_logs": "2024-05-19 05:47:53 +0000"
    },
    "done": true
  },
  "minecraft:recipes/building_blocks/oak_wood": {
    "criteria": {
      "has_log": "2024-05-19 05:47:53 +0000"
    },
    "done": true
  },
  "minecraft:recipes/misc/bowl": {
    "criteria": {
      "has_red_mushroom": "2024-05-19 05:49:05 +0000"
    },
    "done": true
  },
  "cobblemon:recipes/agriculture/apricorn_bowl": {
    "criteria": {
      "has_red_mushroom": "2024-05-19 05:49:05 +0000",
      "has_the_recipe": "2024-05-19 05:49:05 +0000"
    },
    "done": true
  },
  "minecraft:recipes/food/mushroom_stew": {
    "criteria": {
      "has_red_mushroom": "2024-05-19 05:49:05 +0000"
    },
    "done": true
  },
  "nova_structures:adventure/find_all_illager_structures": {
    "criteria": {
      "illager_camp": "2024-05-19 05:54:13 +0000"
    },
    "done": false
  },
  "minecraft:recipes/tools/golden_axe": {
    "criteria": {
      "has_gold_ingot": "2024-05-19 05:54:18 +0000"
    },
    "done": true
  },
  "minecraft:recipes/tools/golden_pickaxe": {
    "criteria": {
      "has_gold_ingot": "2024-05-19 05:54:18 +0000"
    },
    "done": true
  },
  "minecraft:recipes/misc/gold_nugget": {
    "criteria": {
      "has_gold_ingot": "2024-05-19 05:54:18 +0000"
    },
    "done": true
  },
  "minecraft:recipes/tools/golden_shovel": {
    "criteria": {
      "has_gold_ingot": "2024-05-19 05:54:18 +0000"
    },
    "done": true
  },
  "minecraft:recipes/food/golden_apple": {
    "criteria": {
      "has_gold_ingot": "2024-05-19 05:54:18 +0000"
    },
    "done": true
  },
  "minecraft:recipes/combat/golden_boots": {
    "criteria": {
      "has_gold_ingot": "2024-05-19 05:54:18 +0000"
    },
    "done": true
  },
  "minecraft:recipes/combat/golden_helmet": {
    "criteria": {
      "has_gold_ingot": "2024-05-19 05:54:18 +0000"
    },
    "done": true
  },
  "minecraft:recipes/combat/golden_chestplate": {
    "criteria": {
      "has_gold_ingot": "2024-05-19 05:54:18 +0000"
    },
    "done": true
  },
  "minecraft:recipes/redstone/light_weighted_pressure_plate": {
    "criteria": {
      "has_gold_ingot": "2024-05-19 05:54:18 +0000"
    },
    "done": true
  },
  "cobblemon:recipes/blocks/gilded_chests": {
    "criteria": {
      "has_gold": "2024-05-19 05:54:18 +0000"
    },
    "done": true
  },
  "minecraft:recipes/combat/golden_sword": {
    "criteria": {
      "has_gold_ingot": "2024-05-19 05:54:18 +0000"
    },
    "done": true
  },
  "minecraft:recipes/building_blocks/gold_block": {
    "criteria": {
      "has_gold_ingot": "2024-05-19 05:54:18 +0000"
    },
    "done": true
  },
  "minecraft:recipes/tools/golden_hoe": {
    "criteria": {
      "has_gold_ingot": "2024-05-19 05:54:18 +0000"
    },
    "done": true
  },
  "minecraft:recipes/combat/golden_leggings": {
    "criteria": {
      "has_gold_ingot": "2024-05-19 05:54:18 +0000"
    },
    "done": true
  },
  "minecraft:recipes/decorations/oak_sign": {
    "criteria": {
      "has_planks": "2024-05-19 05:55:24 +0000"
    },
    "done": true
  },
  "minecraft:recipes/redstone/oak_trapdoor": {
    "criteria": {
      "has_planks": "2024-05-19 05:55:24 +0000"
    },
    "done": true
  },
  "minecraft:recipes/building_blocks/oak_stairs": {
    "criteria": {
      "has_planks": "2024-05-19 05:55:24 +0000"
    },
    "done": true
  },
  "minecraft:recipes/decorations/oak_fence": {
    "criteria": {
      "has_planks": "2024-05-19 05:55:24 +0000"
    },
    "done": true
  },
  "minecraft:recipes/redstone/oak_button": {
    "criteria": {
      "has_planks": "2024-05-19 05:55:24 +0000"
    },
    "done": true
  },
  "minecraft:recipes/building_blocks/oak_slab": {
    "criteria": {
      "has_planks": "2024-05-19 05:55:24 +0000"
    },
    "done": true
  },
  "minecraft:recipes/redstone/oak_fence_gate": {
    "criteria": {
      "has_planks": "2024-05-19 05:55:24 +0000"
    },
    "done": true
  },
  "minecraft:recipes/redstone/oak_pressure_plate": {
    "criteria": {
      "has_planks": "2024-05-19 05:55:24 +0000"
    },
    "done": true
  },
  "minecraft:recipes/redstone/oak_door": {
    "criteria": {
      "has_planks": "2024-05-19 05:55:24 +0000"
    },
    "done": true
  },
  "minecraft:recipes/building_blocks/bookshelf": {
    "criteria": {
      "has_book": "2024-05-19 05:58:02 +0000"
    },
    "done": true
  },
  "minecraft:recipes/misc/map": {
    "criteria": {
      "has_compass": "2024-05-19 05:58:02 +0000"
    },
    "done": true
  },
  "minecraft:recipes/redstone/lectern": {
    "criteria": {
      "has_book": "2024-05-19 05:58:02 +0000"
    },
    "done": true
  },
  "minecraft:recipes/building_blocks/chiseled_bookshelf": {
    "criteria": {
      "has_book": "2024-05-19 05:58:02 +0000"
    },
    "done": true
  },
  "minecraft:recipes/misc/writable_book": {
    "criteria": {
      "has_book": "2024-05-19 05:58:02 +0000"
    },
    "done": true
  },
  "minecraft:recipes/food/cooked_beef_from_smoking": {
    "criteria": {
      "has_beef": "2024-05-19 05:58:02 +0000"
    },
    "done": true
  },
  "iammusicplayer:recipes/misc/manual": {
    "criteria": {
      "has_book": "2024-05-19 05:58:02 +0000"
    },
    "done": true
  },
  "minecraft:recipes/food/cooked_beef": {
    "criteria": {
      "has_beef": "2024-05-19 05:58:02 +0000"
    },
    "done": true
  },
  "minecraft:recipes/food/cooked_beef_from_campfire_cooking": {
    "criteria": {
      "has_beef": "2024-05-19 05:58:02 +0000"
    },
    "done": true
  },
  "minecraft:recipes/building_blocks/coarse_dirt": {
    "criteria": {
      "has_gravel": "2024-05-19 06:03:40 +0000"
    },
    "done": true
  },
  "minecraft:recipes/building_blocks/raw_iron_block": {
    "criteria": {
      "has_raw_iron": "2024-05-19 06:04:02 +0000"
    },
    "done": true
  },
  "minecraft:recipes/misc/iron_ingot_from_smelting_raw_iron": {
    "criteria": {
      "has_raw_iron": "2024-05-19 06:04:02 +0000"
    },
    "done": true
  },
  "minecraft:recipes/misc/iron_ingot_from_blasting_raw_iron": {
    "criteria": {
      "has_raw_iron": "2024-05-19 06:04:02 +0000"
    },
    "done": true
  },
  "cobblemon:recipes/consumables/remedy": {
    "criteria": {
      "has_root": "2024-05-19 06:04:40 +0000"
    },
    "done": true
  },
  "cobblemon:recipes/consumables/remedy_by_smoking": {
    "criteria": {
      "has_root": "2024-05-19 06:04:40 +0000"
    },
    "done": true
  },
  "cobblemon:recipes/consumables/remedy_by_campfire": {
    "criteria": {
      "has_root": "2024-05-19 06:04:40 +0000"
    },
    "done": true
  },
  "cobblemon:obtain_big_root": {
    "criteria": {
      "check_inv": "2024-05-19 06:04:40 +0000"
    },
    "done": true
  },
  "stoneworks:recipes/building_blocks/diorite_paver_wall_from_diorite_stonecutting": {
    "criteria": {
      "has_diorite": "2024-05-19 06:07:19 +0000"
    },
    "done": true
  },
  "stoneworks:recipes/building_blocks/diorite_pavers_from_diorite_stonecutting": {
    "criteria": {
      "has_diorite": "2024-05-19 06:07:19 +0000"
    },
    "done": true
  },
  "stoneworks:recipes/building_blocks/diorite_plate_wall_from_diorite_stonecutting": {
    "criteria": {
      "has_diorite": "2024-05-19 06:07:19 +0000"
    },
    "done": true
  },
  "stoneworks:recipes/building_blocks/cobbled_diorite_wall_from_diorite_stonecutting": {
    "criteria": {
      "has_diorite": "2024-05-19 06:07:19 +0000"
    },
    "done": true
  },
  "stoneworks:recipes/building_blocks/diorite_brick_wall_from_diorite_stonecutting": {
    "criteria": {
      "has_diorite": "2024-05-19 06:07:19 +0000"
    },
    "done": true
  },
  "stoneworks:recipes/building_blocks/mossy_cobbled_diorite_stairs_from_diorite_stonecutting": {
    "criteria": {
      "has_diorite": "2024-05-19 06:07:19 +0000"
    },
    "done": true
  },
  "stoneworks:recipes/building_blocks/cobbled_diorite_from_diorite_stonecutting": {
    "criteria": {
      "has_diorite": "2024-05-19 06:07:19 +0000"
    },
    "done": true
  },
  "minecraft:recipes/building_blocks/polished_diorite": {
    "criteria": {
      "has_diorite": "2024-05-19 06:07:19 +0000"
    },
    "done": true
  },
  "minecraft:recipes/building_blocks/diorite_slab": {
    "criteria": {
      "has_diorite": "2024-05-19 06:07:19 +0000"
    },
    "done": true
  },
  "stoneworks:recipes/building_blocks/diorite_plates_from_diorite_stonecutting": {
    "criteria": {
      "has_diorite": "2024-05-19 06:07:19 +0000"
    },
    "done": true
  },
  "stoneworks:recipes/building_blocks/diorite_paver_slab_from_diorite_stonecutting": {
    "criteria": {
      "has_diorite": "2024-05-19 06:07:19 +0000"
    },
    "done": true
  },
  "stoneworks:recipes/building_blocks/mossy_cobbled_diorite_wall_from_diorite_stonecutting": {
    "criteria": {
      "has_diorite": "2024-05-19 06:07:19 +0000"
    },
    "done": true
  },
  "stoneworks:recipes/building_blocks/cobbled_diorite_slab_from_diorite_stonecutting": {
    "criteria": {
      "has_diorite": "2024-05-19 06:07:19 +0000"
    },
    "done": true
  },
  "stoneworks:recipes/building_blocks/diorite_plate_slab_from_diorite_stonecutting": {
    "criteria": {
      "has_diorite": "2024-05-19 06:07:19 +0000"
    },
    "done": true
  },
  "stoneworks:recipes/building_blocks/diorite_bricks_from_diorite_stonecutting": {
    "criteria": {
      "has_diorite": "2024-05-19 06:07:19 +0000"
    },
    "done": true
  },
  "stoneworks:recipes/building_blocks/diorite_shingle_slab_from_diorite_stonecutting": {
    "criteria": {
      "has_diorite": "2024-05-19 06:07:19 +0000"
    },
    "done": true
  },
  "stoneworks:recipes/building_blocks/diorite_tiles_from_diorite_stonecutting": {
    "criteria": {
      "has_diorite": "2024-05-19 06:07:19 +0000"
    },
    "done": true
  },
  "minecraft:recipes/decorations/diorite_wall": {
    "criteria": {
      "has_diorite": "2024-05-19 06:07:19 +0000"
    },
    "done": true
  },
  "stoneworks:recipes/building_blocks/mossy_diorite_bricks_from_diorite_stonecutting": {
    "criteria": {
      "has_diorite": "2024-05-19 06:07:19 +0000"
    },
    "done": true
  },
  "stoneworks:recipes/building_blocks/diorite_paver_stairs_from_diorite_stonecutting": {
    "criteria": {
      "has_diorite": "2024-05-19 06:07:19 +0000"
    },
    "done": true
  },
  "stoneworks:recipes/building_blocks/mossy_diorite_brick_wall_from_diorite_stonecutting": {
    "criteria": {
      "has_diorite": "2024-05-19 06:07:19 +0000"
    },
    "done": true
  },
  "minecraft:recipes/building_blocks/polished_diorite_stairs_from_diorite_stonecutting": {
    "criteria": {
      "has_diorite": "2024-05-19 06:07:19 +0000"
    },
    "done": true
  },
  "stoneworks:recipes/building_blocks/diorite_tile_slab_from_diorite_stonecutting": {
    "criteria": {
      "has_diorite": "2024-05-19 06:07:19 +0000"
    },
    "done": true
  },
  "stoneworks:recipes/building_blocks/chiseled_diorite_from_diorite_stonecutting": {
    "criteria": {
      "has_diorite": "2024-05-19 06:07:19 +0000"
    },
    "done": true
  },
  "stoneworks:recipes/building_blocks/cracked_diorite_tiles_from_diorite_stonecutting": {
    "criteria": {
      "has_diorite": "2024-05-19 06:07:19 +0000"
    },
    "done": true
  },
  "stoneworks:recipes/building_blocks/diorite_tile_wall_from_diorite_stonecutting": {
    "criteria": {
      "has_diorite": "2024-05-19 06:07:19 +0000"
    },
    "done": true
  },
  "stoneworks:recipes/building_blocks/diorite_plate_stairs_from_diorite_stonecutting": {
    "criteria": {
      "has_diorite": "2024-05-19 06:07:19 +0000"
    },
    "done": true
  },
  "stoneworks:recipes/building_blocks/diorite_tile_stairs_from_diorite_stonecutting": {
    "criteria": {
      "has_diorite": "2024-05-19 06:07:19 +0000"
    },
    "done": true
  },
  "minecraft:recipes/building_blocks/diorite_stairs_from_diorite_stonecutting": {
    "criteria": {
      "has_diorite": "2024-05-19 06:07:19 +0000"
    },
    "done": true
  },
  "stoneworks:recipes/building_blocks/cobbled_diorite_stairs_from_diorite_stonecutting": {
    "criteria": {
      "has_diorite": "2024-05-19 06:07:19 +0000"
    },
    "done": true
  },
  "stoneworks:recipes/building_blocks/diorite_shingle_stairs_from_diorite_stonecutting": {
    "criteria": {
      "has_diorite": "2024-05-19 06:07:19 +0000"
    },
    "done": true
  },
  "minecraft:recipes/decorations/diorite_wall_from_diorite_stonecutting": {
    "criteria": {
      "has_diorite": "2024-05-19 06:07:19 +0000"
    },
    "done": true
  },
  "stoneworks:recipes/building_blocks/diorite_pillar_from_diorite_stonecutting": {
    "criteria": {
      "has_diorite": "2024-05-19 06:07:19 +0000"
    },
    "done": true
  },
  "minecraft:recipes/building_blocks/andesite": {
    "criteria": {
      "has_stone": "2024-05-19 06:07:19 +0000"
    },
    "done": true
  },
  "stoneworks:recipes/building_blocks/diorite_shingles_from_diorite_stonecutting": {
    "criteria": {
      "has_diorite": "2024-05-19 06:07:19 +0000"
    },
    "done": true
  },
  "stoneworks:recipes/building_blocks/mossy_cobbled_diorite_slab_from_diorite_stonecutting": {
    "criteria": {
      "has_diorite": "2024-05-19 06:07:19 +0000"
    },
    "done": true
  },
  "stoneworks:recipes/building_blocks/mossy_cobbled_diorite_from_diorite_stonecutting": {
    "criteria": {
      "has_diorite": "2024-05-19 06:07:19 +0000"
    },
    "done": true
  },
  "stoneworks:recipes/building_blocks/mossy_diorite_brick_stairs_from_diorite_stonecutting": {
    "criteria": {
      "has_diorite": "2024-05-19 06:07:19 +0000"
    },
    "done": true
  },
  "stoneworks:recipes/building_blocks/diorite_brick_stairs_from_diorite_stonecutting": {
    "criteria": {
      "has_diorite": "2024-05-19 06:07:19 +0000"
    },
    "done": true
  },
  "stoneworks:recipes/building_blocks/cracked_diorite_bricks_from_diorite_stonecutting": {
    "criteria": {
      "has_diorite": "2024-05-19 06:07:19 +0000"
    },
    "done": true
  },
  "stoneworks:recipes/building_blocks/mossy_diorite_brick_slab_from_diorite_stonecutting": {
    "criteria": {
      "has_diorite": "2024-05-19 06:07:19 +0000"
    },
    "done": true
  },
  "minecraft:recipes/building_blocks/polished_diorite_from_diorite_stonecutting": {
    "criteria": {
      "has_diorite": "2024-05-19 06:07:19 +0000"
    },
    "done": true
  },
  "minecraft:recipes/building_blocks/diorite_slab_from_diorite_stonecutting": {
    "criteria": {
      "has_diorite": "2024-05-19 06:07:19 +0000"
    },
    "done": true
  },
  "minecraft:recipes/building_blocks/polished_diorite_slab_from_diorite_stonecutting": {
    "criteria": {
      "has_diorite": "2024-05-19 06:07:19 +0000"
    },
    "done": true
  },
  "stoneworks:recipes/building_blocks/diorite_brick_slab_from_diorite_stonecutting": {
    "criteria": {
      "has_diorite": "2024-05-19 06:07:19 +0000"
    },
    "done": true
  },
  "stoneworks:recipes/building_blocks/diorite_shingle_wall_from_diorite_stonecutting": {
    "criteria": {
      "has_diorite": "2024-05-19 06:07:19 +0000"
    },
    "done": true
  },
  "minecraft:recipes/building_blocks/diorite_stairs": {
    "criteria": {
      "has_diorite": "2024-05-19 06:07:19 +0000"
    },
    "done": true
  },
  "iammusicplayer:recipes/misc/music_manager": {
    "criteria": {
      "has_diamond": "2024-05-19 06:12:22 +0000"
    },
    "done": true
  },
  "minecraft:recipes/combat/diamond_leggings": {
    "criteria": {
      "has_diamond": "2024-05-19 06:12:22 +0000"
    },
    "done": true
  },
  "minecraft:recipes/combat/diamond_sword": {
    "criteria": {
      "has_diamond": "2024-05-19 06:12:22 +0000"
    },
    "done": true
  },
  "minecraft:recipes/decorations/jukebox": {
    "criteria": {
      "has_diamond": "2024-05-19 06:12:22 +0000"
    },
    "done": true
  },
  "minecraft:recipes/combat/diamond_chestplate": {
    "criteria": {
      "has_diamond": "2024-05-19 06:12:22 +0000"
    },
    "done": true
  },
  "minecraft:recipes/tools/diamond_pickaxe": {
    "criteria": {
      "has_diamond": "2024-05-19 06:12:22 +0000"
    },
    "done": true
  },
  "minecraft:recipes/tools/diamond_hoe": {
    "criteria": {
      "has_diamond": "2024-05-19 06:12:22 +0000"
    },
    "done": true
  },
  "minecraft:recipes/tools/diamond_shovel": {
    "criteria": {
      "has_diamond": "2024-05-19 06:12:22 +0000"
    },
    "done": true
  },
  "minecraft:recipes/combat/diamond_boots": {
    "criteria": {
      "has_diamond": "2024-05-19 06:12:22 +0000"
    },
    "done": true
  },
  "minecraft:recipes/combat/diamond_helmet": {
    "criteria": {
      "has_diamond": "2024-05-19 06:12:22 +0000"
    },
    "done": true
  },
  "minecraft:recipes/building_blocks/diamond_block": {
    "criteria": {
      "has_diamond": "2024-05-19 06:12:22 +0000"
    },
    "done": true
  },
  "minecraft:story/mine_diamond": {
    "criteria": {
      "diamond": "2024-05-19 06:12:22 +0000"
    },
    "done": true
  },
  "cobblemon:recipes/balls/beast_ball": {
    "criteria": {
      "has_diamond": "2024-05-19 06:12:22 +0000"
    },
    "done": false
  },
  "minecraft:recipes/tools/diamond_axe": {
    "criteria": {
      "has_diamond": "2024-05-19 06:12:22 +0000"
    },
    "done": true
  },
  "minecraft:recipes/transportation/activator_rail": {
    "criteria": {
      "has_rail": "2024-05-19 06:12:26 +0000"
    },
    "done": true
  },
  "minecraft:recipes/transportation/detector_rail": {
    "criteria": {
      "has_rail": "2024-05-19 06:12:26 +0000"
    },
    "done": true
  },
  "minecraft:recipes/transportation/powered_rail": {
    "criteria": {
      "has_rail": "2024-05-19 06:12:26 +0000"
    },
    "done": true
  },
  "minecraft:recipes/misc/copper_ingot_from_blasting_raw_copper": {
    "criteria": {
      "has_raw_copper": "2024-05-19 06:13:33 +0000"
    },
    "done": true
  },
  "minecraft:recipes/building_blocks/raw_copper_block": {
    "criteria": {
      "has_raw_copper": "2024-05-19 06:13:33 +0000"
    },
    "done": true
  },
  "minecraft:recipes/misc/copper_ingot_from_smelting_raw_copper": {
    "criteria": {
      "has_raw_copper": "2024-05-19 06:13:33 +0000"
    },
    "done": true
  },
  "minecraft:recipes/combat/bow": {
    "criteria": {
      "has_string": "2024-05-19 06:13:41 +0000"
    },
    "done": true
  },
  "minecraft:recipes/tools/fishing_rod": {
    "criteria": {
      "has_string": "2024-05-19 06:13:41 +0000"
    },
    "done": true
  },
  "minecraft:recipes/redstone/tripwire_hook": {
    "criteria": {
      "has_string": "2024-05-19 06:13:41 +0000"
    },
    "done": true
  },
  "minecraft:recipes/decorations/candle": {
    "criteria": {
      "has_string": "2024-05-19 06:13:41 +0000"
    },
    "done": true
  },
  "minecraft:recipes/building_blocks/white_wool_from_string": {
    "criteria": {
      "has_string": "2024-05-19 06:13:41 +0000"
    },
    "done": true
  },
  "minecraft:recipes/decorations/loom": {
    "criteria": {
      "has_string": "2024-05-19 06:13:41 +0000"
    },
    "done": true
  },
  "minecraft:recipes/combat/leather_helmet": {
    "criteria": {
      "has_leather": "2024-05-19 06:43:46 +0000"
    },
    "done": true
  },
  "stoneworks:recipes/building_blocks/andesite_shingle_slab_from_andesite_stonecutting": {
    "criteria": {
      "has_andesite": "2024-05-19 06:19:51 +0000"
    },
    "done": true
  },
  "cobblemon:recipes/held/flame_orb": {
    "criteria": {
      "has_orb": "2024-05-19 08:31:55 +0000"
    },
    "done": true
  },
  "minecraft:recipes/combat/leather_leggings": {
    "criteria": {
      "has_leather": "2024-05-19 06:43:46 +0000"
    },
    "done": true
  },
  "minecraft:recipes/decorations/deepslate_brick_wall_from_deepslate_bricks_stonecutting": {
    "criteria": {
      "has_deepslate_bricks": "2024-05-19 09:24:59 +0000"
    },
    "done": true
  },
  "minecraft:story/obtain_armor": {
    "criteria": {
      "iron_chestplate": "2024-05-19 09:03:01 +0000"
    },
    "done": true
  },
  "minecraft:recipes/food/dried_kelp_from_smelting": {
    "criteria": {
      "has_kelp": "2024-05-19 10:12:53 +0000"
    },
    "done": true
  },
  "minecraft:recipes/decorations/fletching_table": {
    "criteria": {
      "has_flint": "2024-05-19 09:36:06 +0000"
    },
    "done": true
  },
  "minecraft:recipes/misc/iron_nugget_from_smelting": {
    "criteria": {
      "has_iron_pickaxe": "2024-05-19 06:19:59 +0000"
    },
    "done": true
  },
  "stoneworks:recipes/building_blocks/andesite_pillar_from_andesite_stonecutting": {
    "criteria": {
      "has_andesite": "2024-05-19 06:19:51 +0000"
    },
    "done": true
  },
  "knize1007:day40": {
    "criteria": {
      "play25days": "2024-05-19 10:25:15 +0000"
    },
    "done": true
  },
  "knize1007:day30": {
    "criteria": {
      "play25days": "2024-05-19 07:49:22 +0000"
    },
    "done": true
  },
  "minecraft:recipes/building_blocks/quartz_slab": {
    "criteria": {
      "has_quartz_block": "2024-05-19 09:48:22 +0000"
    },
    "done": true
  },
  "cobblemon:recipes/misc/relic_coin_pouch": {
    "criteria": {
      "has_coin": "2024-05-19 06:57:48 +0000"
    },
    "done": true
  },
  "fwaystones:recipes/end_stone_waystone": {
    "criteria": {
      "has_abyss_watcher": "2024-05-19 09:39:53 +0000"
    },
    "done": true
  },
  "minecraft:story/iron_tools": {
    "criteria": {
      "iron_pickaxe": "2024-05-19 06:19:59 +0000"
    },
    "done": true
  },
  "minecraft:recipes/building_blocks/deepslate_tile_stairs_from_deepslate_bricks_stonecutting": {
    "criteria": {
      "has_deepslate_bricks": "2024-05-19 09:24:59 +0000"
    },
    "done": true
  },
  "stoneworks:recipes/building_blocks/andesite_shingles_from_andesite_stonecutting": {
    "criteria": {
      "has_andesite": "2024-05-19 06:19:51 +0000"
    },
    "done": true
  },
  "stoneworks:recipes/building_blocks/quartz_shingle_slab_from_quartz_block_stonecutting": {
    "criteria": {
      "has_quartz_block": "2024-05-19 09:48:22 +0000"
    },
    "done": true
  },
  "minecraft:recipes/building_blocks/quartz_bricks": {
    "criteria": {
      "has_quartz_block": "2024-05-19 09:48:22 +0000"
    },
    "done": true
  },
  "fwaystones:recipes/waystone_scroll": {
    "criteria": {
      "has_abyss_watcher": "2024-05-19 09:39:53 +0000"
    },
    "done": true
  },
  "stoneworks:recipes/building_blocks/mossy_cobbled_andesite_from_andesite_stonecutting": {
    "criteria": {
      "has_andesite": "2024-05-19 06:19:51 +0000"
    },
    "done": true
  },
  "minecraft:recipes/food/dried_kelp_from_campfire_cooking": {
    "criteria": {
      "has_kelp": "2024-05-19 10:12:53 +0000"
    },
    "done": true
  },
  "minecraft:recipes/food/cooked_cod_from_smoking": {
    "criteria": {
      "has_cod": "2024-05-19 10:14:25 +0000"
    },
    "done": true
  },
  "stoneworks:recipes/building_blocks/andesite_tiles_from_andesite_stonecutting": {
    "criteria": {
      "has_andesite": "2024-05-19 06:19:51 +0000"
    },
    "done": true
  },
  "stoneworks:recipes/building_blocks/andesite_plate_slab_from_andesite_stonecutting": {
    "criteria": {
      "has_andesite": "2024-05-19 06:19:51 +0000"
    },
    "done": true
  },
  "fwaystones:recipes/nether_brick_waystone": {
    "criteria": {
      "has_abyss_watcher": "2024-05-19 09:39:53 +0000"
    },
    "done": true
  },
  "stoneworks:recipes/building_blocks/mossy_andesite_brick_slab_from_andesite_stonecutting": {
    "criteria": {
      "has_andesite": "2024-05-19 06:19:51 +0000"
    },
    "done": true
  },
  "stoneworks:recipes/building_blocks/mossy_quartz_brick_slab_from_quartz_block_stonecutting": {
    "criteria": {
      "has_quartz_block": "2024-05-19 09:48:22 +0000"
    },
    "done": true
  },
  "minecraft:recipes/building_blocks/andesite_stairs": {
    "criteria": {
      "has_andesite": "2024-05-19 06:19:51 +0000"
    },
    "done": true
  },
  "minecraft:recipes/redstone/redstone_torch": {
    "criteria": {
      "has_redstone": "2024-05-19 10:06:41 +0000"
    },
    "done": true
  },
  "minecraft:recipes/tools/clock": {
    "criteria": {
      "has_redstone": "2024-05-19 10:06:41 +0000"
    },
    "done": true
  },
  "stoneworks:recipes/building_blocks/mossy_cobbled_andesite_slab_from_andesite_stonecutting": {
    "criteria": {
      "has_andesite": "2024-05-19 06:19:51 +0000"
    },
    "done": true
  },
  "minecraft:recipes/building_blocks/waxed_cut_copper": {
    "criteria": {
      "has_waxed_copper_block": "2024-05-19 10:11:06 +0000"
    },
    "done": true
  },
  "minecraft:recipes/food/cooked_salmon": {
    "criteria": {
      "has_salmon": "2024-05-19 06:51:36 +0000"
    },
    "done": true
  },
  "minecraft:recipes/transportation/spruce_chest_boat": {
    "criteria": {
      "has_boat": "2024-05-19 07:54:12 +0000"
    },
    "done": true
  },
  "stoneworks:recipes/building_blocks/cracked_quartz_bricks_from_quartz_block_stonecutting": {
    "criteria": {
      "has_quartz_block": "2024-05-19 09:48:22 +0000"
    },
    "done": true
  },
  "minecraft:recipes/combat/leather_chestplate": {
    "criteria": {
      "has_leather": "2024-05-19 06:43:46 +0000"
    },
    "done": true
  },
  "minecraft:recipes/decorations/composter": {
    "criteria": {
      "has_wood_slab": "2024-05-19 07:53:12 +0000"
    },
    "done": true
  },
  "minecraft:adventure/shoot_arrow": {
    "criteria": {
      "shot_arrow": "2024-05-19 07:38:56 +0000"
    },
    "done": true
  },
  "minecraft:recipes/decorations/andesite_wall_from_andesite_stonecutting": {
    "criteria": {
      "has_andesite": "2024-05-19 06:19:51 +0000"
    },
    "done": true
  },
  "stoneworks:recipes/building_blocks/cobbled_andesite_from_andesite_stonecutting": {
    "criteria": {
      "has_andesite": "2024-05-19 06:19:51 +0000"
    },
    "done": true
  },
  "stoneworks:recipes/building_blocks/cobbled_quartz_stairs_from_quartz_block_stonecutting": {
    "criteria": {
      "has_quartz_block": "2024-05-19 09:48:22 +0000"
    },
    "done": true
  },
  "minecraft:recipes/building_blocks/deepslate_brick_stairs": {
    "criteria": {
      "has_deepslate_bricks": "2024-05-19 09:24:59 +0000"
    },
    "done": true
  },
  "minecraft:recipes/decorations/smoker": {
    "criteria": {
      "has_furnace": "2024-05-19 06:39:03 +0000"
    },
    "done": true
  },
  "fwaystones:recipes/desert_waystone": {
    "criteria": {
      "has_abyss_watcher": "2024-05-19 09:39:53 +0000"
    },
    "done": true
  },
  "stoneworks:recipes/building_blocks/polished_quartz_slab_from_quartz_block_stonecutting": {
    "criteria": {
      "has_quartz_block": "2024-05-19 09:48:22 +0000"
    },
    "done": true
  },
  "cobblemon:recipes/transportation/apricorn_chest_boat": {
    "criteria": {
      "has_boat": "2024-05-19 07:54:12 +0000"
    },
    "done": true
  },
  "minecraft:recipes/transportation/jungle_chest_boat": {
    "criteria": {
      "has_boat": "2024-05-19 07:54:12 +0000"
    },
    "done": true
  },
  "stoneworks:recipes/building_blocks/quartz_plates_from_quartz_block_stonecutting": {
    "criteria": {
      "has_quartz_block": "2024-05-19 09:48:22 +0000"
    },
    "done": true
  },
  "stoneworks:recipes/building_blocks/andesite_pavers_from_andesite_stonecutting": {
    "criteria": {
      "has_andesite": "2024-05-19 06:19:51 +0000"
    },
    "done": true
  },
  "minecraft:recipes/transportation/acacia_chest_boat": {
    "criteria": {
      "has_boat": "2024-05-19 07:54:12 +0000"
    },
    "done": true
  },
  "stoneworks:recipes/building_blocks/cracked_quartz_tiles_from_quartz_block_stonecutting": {
    "criteria": {
      "has_quartz_block": "2024-05-19 09:48:22 +0000"
    },
    "done": true
  },
  "minecraft:recipes/building_blocks/polished_andesite_slab_from_andesite_stonecutting": {
    "criteria": {
      "has_andesite": "2024-05-19 06:19:51 +0000"
    },
    "done": true
  },
  "iammusicplayer:recipes/misc/parabolic_antenna": {
    "criteria": {
      "has_ender_pearl": "2024-05-19 08:31:55 +0000"
    },
    "done": true
  },
  "stoneworks:recipes/building_blocks/cracked_andesite_tiles_from_andesite_stonecutting": {
    "criteria": {
      "has_andesite": "2024-05-19 06:19:51 +0000"
    },
    "done": true
  },
  "minecraft:recipes/building_blocks/quartz_pillar_from_quartz_block_stonecutting": {
    "criteria": {
      "has_quartz_block": "2024-05-19 09:48:22 +0000"
    },
    "done": true
  },
  "stoneworks:recipes/building_blocks/andesite_plate_wall_from_andesite_stonecutting": {
    "criteria": {
      "has_andesite": "2024-05-19 06:19:51 +0000"
    },
    "done": true
  },
  "stoneworks:recipes/building_blocks/cobbled_andesite_stairs_from_andesite_stonecutting": {
    "criteria": {
      "has_andesite": "2024-05-19 06:19:51 +0000"
    },
    "done": true
  },
  "cobblemon:recipes/evolution/electirizer": {
    "criteria": {
      "has_redstone": "2024-05-19 10:06:41 +0000"
    },
    "done": true
  },
  "stoneworks:recipes/building_blocks/quartz_paver_wall_from_quartz_block_stonecutting": {
    "criteria": {
      "has_quartz_block": "2024-05-19 09:48:22 +0000"
    },
    "done": true
  },
  "minecraft:recipes/transportation/mangrove_chest_boat": {
    "criteria": {
      "has_boat": "2024-05-19 07:54:12 +0000"
    },
    "done": true
  },
  "minecraft:recipes/decorations/deepslate_tile_wall_from_deepslate_bricks_stonecutting": {
    "criteria": {
      "has_deepslate_bricks": "2024-05-19 09:24:59 +0000"
    },
    "done": true
  },
  "stoneworks:recipes/building_blocks/mossy_andesite_brick_wall_from_andesite_stonecutting": {
    "criteria": {
      "has_andesite": "2024-05-19 06:19:51 +0000"
    },
    "done": true
  },
  "stoneworks:recipes/building_blocks/cracked_andesite_bricks_from_andesite_stonecutting": {
    "criteria": {
      "has_andesite": "2024-05-19 06:19:51 +0000"
    },
    "done": true
  },
  "stoneworks:recipes/building_blocks/andesite_brick_slab_from_andesite_stonecutting": {
    "criteria": {
      "has_andesite": "2024-05-19 06:19:51 +0000"
    },
    "done": true
  },
  "stoneworks:recipes/building_blocks/quartz_paver_stairs_from_quartz_block_stonecutting": {
    "criteria": {
      "has_quartz_block": "2024-05-19 09:48:22 +0000"
    },
    "done": true
  },
  "stoneworks:recipes/building_blocks/polished_quartz_stairs_from_quartz_block_stonecutting": {
    "criteria": {
      "has_quartz_block": "2024-05-19 09:48:22 +0000"
    },
    "done": true
  },
  "minecraft:recipes/building_blocks/quartz_pillar": {
    "criteria": {
      "has_quartz_block": "2024-05-19 09:48:22 +0000"
    },
    "done": true
  },
  "stoneworks:recipes/building_blocks/andesite_brick_stairs_from_andesite_stonecutting": {
    "criteria": {
      "has_andesite": "2024-05-19 06:19:51 +0000"
    },
    "done": true
  },
  "friendsandfoes:adventure/summon_copper_golem": {
    "criteria": {
      "summoned_golem": "2024-05-19 10:11:18 +0000"
    },
    "done": true
  },
  "minecraft:recipes/building_blocks/quartz_stairs_from_quartz_block_stonecutting": {
    "criteria": {
      "has_quartz_block": "2024-05-19 09:48:22 +0000"
    },
    "done": true
  },
  "minecraft:recipes/building_blocks/deepslate_tiles": {
    "criteria": {
      "has_deepslate_bricks": "2024-05-19 09:24:59 +0000"
    },
    "done": true
  },
  "minecraft:recipes/redstone/note_block": {
    "criteria": {
      "has_redstone": "2024-05-19 10:06:41 +0000"
    },
    "done": true
  },
  "cobblemon:recipes/evolution/whipped_dream": {
    "criteria": {
      "has_sweet_berry": "2024-05-19 08:24:09 +0000"
    },
    "done": true
  },
  "minecraft:recipes/misc/leather_horse_armor": {
    "criteria": {
      "has_leather": "2024-05-19 06:43:46 +0000"
    },
    "done": true
  },
  "minecraft:recipes/transportation/oak_chest_boat": {
    "criteria": {
      "has_boat": "2024-05-19 07:54:12 +0000"
    },
    "done": true
  },
  "minecraft:recipes/redstone/target": {
    "criteria": {
      "has_redstone": "2024-05-19 10:06:41 +0000"
    },
    "done": true
  },
  "minecraft:recipes/misc/copper_ingot_from_waxed_copper_block": {
    "criteria": {
      "has_waxed_copper_block": "2024-05-19 10:11:06 +0000"
    },
    "done": true
  },
  "stoneworks:recipes/building_blocks/mossy_andesite_brick_stairs_from_andesite_stonecutting": {
    "criteria": {
      "has_andesite": "2024-05-19 06:19:51 +0000"
    },
    "done": true
  },
  "minecraft:adventure/trade": {
    "criteria": {
      "traded": "2024-05-19 09:50:47 +0000"
    },
    "done": true
  },
  "minecraft:recipes/transportation/cherry_chest_boat": {
    "criteria": {
      "has_boat": "2024-05-19 07:54:12 +0000"
    },
    "done": true
  },
  "fwaystones:recipes/abyss_watcher": {
    "criteria": {
      "has_ender_pearl": "2024-05-19 08:31:55 +0000"
    },
    "done": true
  },
  "minecraft:recipes/building_blocks/jack_o_lantern": {
    "criteria": {
      "has_carved_pumpkin": "2024-05-19 10:11:11 +0000"
    },
    "done": true
  },
  "minecraft:recipes/transportation/birch_chest_boat": {
    "criteria": {
      "has_boat": "2024-05-19 07:54:12 +0000"
    },
    "done": true
  },
  "fwaystones:recipes/deepslate_waystone": {
    "criteria": {
      "has_abyss_watcher": "2024-05-19 09:39:53 +0000"
    },
    "done": true
  },
  "stoneworks:recipes/building_blocks/mossy_quartz_brick_wall_from_quartz_block_stonecutting": {
    "criteria": {
      "has_quartz_block": "2024-05-19 09:48:22 +0000"
    },
    "done": true
  },
  "stoneworks:recipes/building_blocks/quartz_plate_slab_from_quartz_block_stonecutting": {
    "criteria": {
      "has_quartz_block": "2024-05-19 09:48:22 +0000"
    },
    "done": true
  },
  "minecraft:recipes/building_blocks/deepslate_brick_stairs_from_deepslate_bricks_stonecutting": {
    "criteria": {
      "has_deepslate_bricks": "2024-05-19 09:24:59 +0000"
    },
    "done": true
  },
  "minecraft:recipes/misc/paper": {
    "criteria": {
      "has_reeds": "2024-05-19 09:55:05 +0000"
    },
    "done": true
  },
  "stoneworks:recipes/building_blocks/andesite_tile_slab_from_andesite_stonecutting": {
    "criteria": {
      "has_andesite": "2024-05-19 06:19:51 +0000"
    },
    "done": true
  },
  "cobblemon:recipes/held/toxic_orb": {
    "criteria": {
      "has_orb": "2024-05-19 08:31:55 +0000"
    },
    "done": true
  },
  "minecraft:recipes/building_blocks/andesite_slab_from_andesite_stonecutting": {
    "criteria": {
      "has_andesite": "2024-05-19 06:19:51 +0000"
    },
    "done": true
  },
  "minecraft:recipes/building_blocks/waxed_cut_copper_slab_from_waxed_copper_block_stonecutting": {
    "criteria": {
      "has_waxed_copper_block": "2024-05-19 10:11:06 +0000"
    },
    "done": true
  },
  "stoneworks:recipes/building_blocks/quartz_shingle_wall_from_quartz_block_stonecutting": {
    "criteria": {
      "has_quartz_block": "2024-05-19 09:48:22 +0000"
    },
    "done": true
  },
  "minecraft:recipes/tools/compass": {
    "criteria": {
      "has_redstone": "2024-05-19 10:06:41 +0000"
    },
    "done": true
  },
  "stoneworks:recipes/building_blocks/andesite_paver_wall_from_andesite_stonecutting": {
    "criteria": {
      "has_andesite": "2024-05-19 06:19:51 +0000"
    },
    "done": true
  },
  "minecraft:recipes/food/pumpkin_pie": {
    "criteria": {
      "has_carved_pumpkin": "2024-05-19 10:11:11 +0000"
    },
    "done": true
  },
  "cobblemon:brew_potion": {
    "criteria": {
      "check_inv": "2024-05-19 09:10:44 +0000"
    },
    "done": true
  },
  "stoneworks:recipes/building_blocks/quartz_tile_slab_from_quartz_block_stonecutting": {
    "criteria": {
      "has_quartz_block": "2024-05-19 09:48:22 +0000"
    },
    "done": true
  },
  "stoneworks:recipes/building_blocks/mossy_cobbled_quartz_stairs_from_quartz_block_stonecutting": {
    "criteria": {
      "has_quartz_block": "2024-05-19 09:48:22 +0000"
    },
    "done": true
  },
  "nova_structures:root": {
    "criteria": {
      "nova_structures:adventure/find_tavern": "2024-05-19 10:01:18 +0000"
    },
    "done": true
  },
  "fwaystones:recipes/local_void": {
    "criteria": {
      "has_abyss_watcher": "2024-05-19 09:39:53 +0000"
    },
    "done": true
  },
  "minecraft:recipes/food/dried_kelp_from_smoking": {
    "criteria": {
      "has_kelp": "2024-05-19 10:12:53 +0000"
    },
    "done": true
  },
  "stoneworks:recipes/building_blocks/quartz_shingles_from_quartz_block_stonecutting": {
    "criteria": {
      "has_quartz_block": "2024-05-19 09:48:22 +0000"
    },
    "done": true
  },
  "stoneworks:recipes/building_blocks/quartz_pavers_from_quartz_block_stonecutting": {
    "criteria": {
      "has_quartz_block": "2024-05-19 09:48:22 +0000"
    },
    "done": true
  },
  "minecraft:recipes/building_blocks/andesite_stairs_from_andesite_stonecutting": {
    "criteria": {
      "has_andesite": "2024-05-19 06:19:51 +0000"
    },
    "done": true
  },
  "stoneworks:recipes/building_blocks/quartz_shingle_stairs_from_quartz_block_stonecutting": {
    "criteria": {
      "has_quartz_block": "2024-05-19 09:48:22 +0000"
    },
    "done": true
  },
  "minecraft:story/lava_bucket": {
    "criteria": {
      "lava_bucket": "2024-05-19 08:15:08 +0000"
    },
    "done": true
  },
  "minecraft:recipes/building_blocks/quartz_stairs": {
    "criteria": {
      "has_quartz_block": "2024-05-19 09:48:22 +0000"
    },
    "done": true
  },
  "minecraft:recipes/transportation/dark_oak_chest_boat": {
    "criteria": {
      "has_boat": "2024-05-19 07:54:12 +0000"
    },
    "done": true
  },
  "stoneworks:recipes/building_blocks/quartz_plate_wall_from_quartz_block_stonecutting": {
    "criteria": {
      "has_quartz_block": "2024-05-19 09:48:22 +0000"
    },
    "done": true
  },
  "cobblemon:recipes/held/magnet": {
    "criteria": {
      "has_redstone": "2024-05-19 10:06:41 +0000"
    },
    "done": true
  },
  "stoneworks:recipes/building_blocks/cobbled_quartz_wall_from_quartz_block_stonecutting": {
    "criteria": {
      "has_quartz_block": "2024-05-19 09:48:22 +0000"
    },
    "done": true
  },
  "fwaystones:recipes/blackstone_waystone": {
    "criteria": {
      "has_abyss_watcher": "2024-05-19 09:39:53 +0000"
    },
    "done": true
  },
  "minecraft:recipes/building_blocks/smooth_quartz": {
    "criteria": {
      "has_quartz_block": "2024-05-19 09:48:22 +0000"
    },
    "done": true
  },
  "stoneworks:recipes/building_blocks/mossy_cobbled_quartz_slab_from_quartz_block_stonecutting": {
    "criteria": {
      "has_quartz_block": "2024-05-19 09:48:22 +0000"
    },
    "done": true
  },
  "cobblemon:recipes/consumables/fine_remedy": {
    "criteria": {
      "has_remedy": "2024-05-19 06:58:07 +0000"
    },
    "done": true
  },
  "minecraft:recipes/food/cooked_salmon_from_smoking": {
    "criteria": {
      "has_salmon": "2024-05-19 06:51:36 +0000"
    },
    "done": true
  },
  "minecraft:recipes/transportation/bamboo_chest_raft": {
    "criteria": {
      "has_boat": "2024-05-19 07:54:12 +0000"
    },
    "done": true
  },
  "stoneworks:recipes/building_blocks/mossy_andesite_bricks_from_andesite_stonecutting": {
    "criteria": {
      "has_andesite": "2024-05-19 06:19:51 +0000"
    },
    "done": true
  },
  "minecraft:recipes/building_blocks/chiseled_quartz_block": {
    "criteria": {
      "has_quartz_block": "2024-05-19 09:48:22 +0000"
    },
    "done": true
  },
  "stoneworks:recipes/building_blocks/mossy_quartz_bricks_from_quartz_block_stonecutting": {
    "criteria": {
      "has_quartz_block": "2024-05-19 09:48:22 +0000"
    },
    "done": true
  },
  "stoneworks:recipes/building_blocks/mossy_cobbled_quartz_from_quartz_block_stonecutting": {
    "criteria": {
      "has_quartz_block": "2024-05-19 09:48:22 +0000"
    },
    "done": true
  },
  "stoneworks:recipes/building_blocks/cobbled_quartz_slab_from_quartz_block_stonecutting": {
    "criteria": {
      "has_quartz_block": "2024-05-19 09:48:22 +0000"
    },
    "done": true
  },
  "stoneworks:recipes/building_blocks/quartz_tile_stairs_from_quartz_block_stonecutting": {
    "criteria": {
      "has_quartz_block": "2024-05-19 09:48:22 +0000"
    },
    "done": true
  },
  "minecraft:recipes/decorations/deepslate_brick_wall": {
    "criteria": {
      "has_deepslate_bricks": "2024-05-19 09:24:59 +0000"
    },
    "done": true
  },
  "minecraft:recipes/building_blocks/waxed_cut_copper_from_waxed_copper_block_stonecutting": {
    "criteria": {
      "has_waxed_copper_block": "2024-05-19 10:11:06 +0000"
    },
    "done": true
  },
  "minecraft:recipes/building_blocks/quartz_bricks_from_quartz_block_stonecutting": {
    "criteria": {
      "has_quartz_block": "2024-05-19 09:48:22 +0000"
    },
    "done": true
  },
  "nova_structures:adventure/find_tavern": {
    "criteria": {
      "nova_structures:tavern_oak": "2024-05-19 10:01:18 +0000"
    },
    "done": true
  },
  "fwaystones:recipes/red_desert_waystone": {
    "criteria": {
      "has_abyss_watcher": "2024-05-19 09:39:53 +0000"
    },
    "done": true
  },
  "stoneworks:recipes/building_blocks/cobbled_andesite_slab_from_andesite_stonecutting": {
    "criteria": {
      "has_andesite": "2024-05-19 06:19:51 +0000"
    },
    "done": true
  },
  "cobblemon:recipes/held/eject_button": {
    "criteria": {
      "has_piston": "2024-05-19 10:25:52 +0000"
    },
    "done": true
  },
  "minecraft:recipes/misc/sugar_from_sugar_cane": {
    "criteria": {
      "has_sugar_cane": "2024-05-19 09:55:05 +0000"
    },
    "done": true
  },
  "nova_structures:adventure/tavern_quest": {
    "criteria": {
      "open_tavern_chest": "2024-05-19 10:02:42 +0000"
    },
    "done": true
  },
  "stoneworks:recipes/building_blocks/mossy_quartz_brick_stairs_from_quartz_block_stonecutting": {
    "criteria": {
      "has_quartz_block": "2024-05-19 09:48:22 +0000"
    },
    "done": true
  },
  "minecraft:recipes/building_blocks/polished_andesite_from_andesite_stonecutting": {
    "criteria": {
      "has_andesite": "2024-05-19 06:19:51 +0000"
    },
    "done": true
  },
  "minecraft:recipes/food/cooked_salmon_from_campfire_cooking": {
    "criteria": {
      "has_salmon": "2024-05-19 06:51:36 +0000"
    },
    "done": true
  },
  "minecraft:recipes/decorations/item_frame": {
    "criteria": {
      "has_leather": "2024-05-19 06:43:46 +0000"
    },
    "done": true
  },
  "stoneworks:recipes/building_blocks/andesite_tile_stairs_from_andesite_stonecutting": {
    "criteria": {
      "has_andesite": "2024-05-19 06:19:51 +0000"
    },
    "done": true
  },
  "stoneworks:recipes/building_blocks/mossy_cobbled_quartz_wall_from_quartz_block_stonecutting": {
    "criteria": {
      "has_quartz_block": "2024-05-19 09:48:22 +0000"
    },
    "done": true
  },
  "stoneworks:recipes/building_blocks/chiseled_andesite_from_andesite_stonecutting": {
    "criteria": {
      "has_andesite": "2024-05-19 06:19:51 +0000"
    },
    "done": true
  },
  "stoneworks:recipes/building_blocks/polished_quartz_wall_from_quartz_block_stonecutting": {
    "criteria": {
      "has_quartz_block": "2024-05-19 09:48:22 +0000"
    },
    "done": true
  },
  "minecraft:recipes/redstone/dropper": {
    "criteria": {
      "has_redstone": "2024-05-19 10:06:41 +0000"
    },
    "done": true
  },
  "minecraft:recipes/building_blocks/polished_andesite": {
    "criteria": {
      "has_andesite": "2024-05-19 06:19:51 +0000"
    },
    "done": true
  },
  "stoneworks:recipes/building_blocks/andesite_plate_stairs_from_andesite_stonecutting": {
    "criteria": {
      "has_andesite": "2024-05-19 06:19:51 +0000"
    },
    "done": true
  },
  "minecraft:recipes/transportation/carrot_on_a_stick": {
    "criteria": {
      "has_carrot": "2024-05-19 09:13:11 +0000"
    },
    "done": true
  },
  "fwaystones:recipes/waystone": {
    "criteria": {
      "has_abyss_watcher": "2024-05-19 09:39:53 +0000"
    },
    "done": true
  },
  "stoneworks:recipes/building_blocks/quartz_plate_stairs_from_quartz_block_stonecutting": {
    "criteria": {
      "has_quartz_block": "2024-05-19 09:48:22 +0000"
    },
    "done": true
  },
  "stoneworks:recipes/building_blocks/andesite_brick_wall_from_andesite_stonecutting": {
    "criteria": {
      "has_andesite": "2024-05-19 06:19:51 +0000"
    },
    "done": true
  },
  "stoneworks:recipes/building_blocks/quartz_tile_wall_from_quartz_block_stonecutting": {
    "criteria": {
      "has_quartz_block": "2024-05-19 09:48:22 +0000"
    },
    "done": true
  },
  "minecraft:recipes/redstone/dispenser": {
    "criteria": {
      "has_bow": "2024-05-19 07:38:30 +0000"
    },
    "done": true
  },
  "minecraft:recipes/building_blocks/deepslate_tiles_from_deepslate_bricks_stonecutting": {
    "criteria": {
      "has_deepslate_bricks": "2024-05-19 09:24:59 +0000"
    },
    "done": true
  },
  "minecraft:recipes/building_blocks/dripstone_block": {
    "criteria": {
      "has_pointed_dripstone": "2024-05-19 06:16:47 +0000"
    },
    "done": true
  },
  "stoneworks:recipes/building_blocks/cobbled_quartz_from_quartz_block_stonecutting": {
    "criteria": {
      "has_quartz_block": "2024-05-19 09:48:22 +0000"
    },
    "done": true
  },
  "stoneworks:recipes/building_blocks/quartz_tiles_from_quartz_block_stonecutting": {
    "criteria": {
      "has_quartz_block": "2024-05-19 09:48:22 +0000"
    },
    "done": true
  },
  "minecraft:recipes/building_blocks/chiseled_quartz_block_from_quartz_block_stonecutting": {
    "criteria": {
      "has_quartz_block": "2024-05-19 09:48:22 +0000"
    },
    "done": true
  },
  "minecraft:recipes/redstone/redstone_block": {
    "criteria": {
      "has_redstone": "2024-05-19 10:06:41 +0000"
    },
    "done": true
  },
  "fwaystones:recipes/stone_brick_waystone": {
    "criteria": {
      "has_abyss_watcher": "2024-05-19 09:39:53 +0000"
    },
    "done": true
  },
  "minecraft:recipes/building_blocks/deepslate_brick_slab": {
    "criteria": {
      "has_deepslate_bricks": "2024-05-19 09:24:59 +0000"
    },
    "done": true
  },
  "minecraft:recipes/food/cooked_cod_from_campfire_cooking": {
    "criteria": {
      "has_cod": "2024-05-19 10:14:25 +0000"
    },
    "done": true
  },
  "stoneworks:recipes/building_blocks/andesite_shingle_stairs_from_andesite_stonecutting": {
    "criteria": {
      "has_andesite": "2024-05-19 06:19:51 +0000"
    },
    "done": true
  },
  "cobblemon:craft_remedy": {
    "criteria": {
      "check_inv": "2024-05-19 06:58:07 +0000"
    },
    "done": true
  },
  "minecraft:recipes/building_blocks/quartz_slab_from_stonecutting": {
    "criteria": {
      "has_quartz_block": "2024-05-19 09:48:22 +0000"
    },
    "done": true
  },
  "stoneworks:recipes/building_blocks/cobbled_andesite_wall_from_andesite_stonecutting": {
    "criteria": {
      "has_andesite": "2024-05-19 06:19:51 +0000"
    },
    "done": true
  },
  "minecraft:recipes/building_blocks/cracked_deepslate_bricks": {
    "criteria": {
      "has_deepslate_bricks": "2024-05-19 09:24:59 +0000"
    },
    "done": true
  },
  "minecraft:recipes/misc/iron_nugget_from_blasting": {
    "criteria": {
      "has_iron_pickaxe": "2024-05-19 06:19:59 +0000"
    },
    "done": true
  },
  "stoneworks:recipes/building_blocks/mossy_cobbled_andesite_wall_from_andesite_stonecutting": {
    "criteria": {
      "has_andesite": "2024-05-19 06:19:51 +0000"
    },
    "done": true
  },
  "minecraft:recipes/combat/leather_boots": {
    "criteria": {
      "has_leather": "2024-05-19 06:43:46 +0000"
    },
    "done": true
  },
  "stoneworks:recipes/building_blocks/andesite_plates_from_andesite_stonecutting": {
    "criteria": {
      "has_andesite": "2024-05-19 06:19:51 +0000"
    },
    "done": true
  },
  "minecraft:recipes/building_blocks/deepslate_tile_slab_from_deepslate_bricks_stonecutting": {
    "criteria": {
      "has_deepslate_bricks": "2024-05-19 09:24:59 +0000"
    },
    "done": true
  },
  "minecraft:recipes/decorations/andesite_wall": {
    "criteria": {
      "has_andesite": "2024-05-19 06:19:51 +0000"
    },
    "done": true
  },
  "minecraft:recipes/building_blocks/andesite_slab": {
    "criteria": {
      "has_andesite": "2024-05-19 06:19:51 +0000"
    },
    "done": true
  },
  "minecraft:recipes/building_blocks/waxed_cut_copper_stairs_from_waxed_copper_block_stonecutting": {
    "criteria": {
      "has_waxed_copper_block": "2024-05-19 10:11:06 +0000"
    },
    "done": true
  },
  "minecraft:recipes/building_blocks/polished_andesite_stairs_from_andesite_stonecutting": {
    "criteria": {
      "has_andesite": "2024-05-19 06:19:51 +0000"
    },
    "done": true
  },
  "stoneworks:recipes/building_blocks/andesite_paver_stairs_from_andesite_stonecutting": {
    "criteria": {
      "has_andesite": "2024-05-19 06:19:51 +0000"
    },
    "done": true
  },
  "minecraft:recipes/food/cooked_cod": {
    "criteria": {
      "has_cod": "2024-05-19 10:14:25 +0000"
    },
    "done": true
  },
  "iammusicplayer:recipes/misc/radio_antenna": {
    "criteria": {
      "has_ender_pearl": "2024-05-19 08:31:55 +0000"
    },
    "done": true
  },
  "stoneworks:recipes/building_blocks/mossy_cobbled_andesite_stairs_from_andesite_stonecutting": {
    "criteria": {
      "has_andesite": "2024-05-19 06:19:51 +0000"
    },
    "done": true
  },
  "stoneworks:recipes/building_blocks/quartz_paver_slab_from_quartz_block_stonecutting": {
    "criteria": {
      "has_quartz_block": "2024-05-19 09:48:22 +0000"
    },
    "done": true
  },
  "stoneworks:recipes/building_blocks/andesite_paver_slab_from_andesite_stonecutting": {
    "criteria": {
      "has_andesite": "2024-05-19 06:19:51 +0000"
    },
    "done": true
  },
  "stoneworks:recipes/building_blocks/andesite_shingle_wall_from_andesite_stonecutting": {
    "criteria": {
      "has_andesite": "2024-05-19 06:19:51 +0000"
    },
    "done": true
  },
  "minecraft:story/root": {
    "criteria": {
      "crafting_table": "2024-05-19 09:25:30 +0000"
    },
    "done": true
  },
  "cobblemon:recipes/held/life_orb": {
    "criteria": {
      "has_orb": "2024-05-19 08:31:55 +0000"
    },
    "done": true
  },
  "stoneworks:recipes/building_blocks/andesite_tile_wall_from_andesite_stonecutting": {
    "criteria": {
      "has_andesite": "2024-05-19 06:19:51 +0000"
    },
    "done": true
  },
  "cobblemon:first_evolution": {
    "criteria": {
      "evolve": "2024-05-19 09:59:14 +0000"
    },
    "done": true
  },
  "stoneworks:recipes/building_blocks/polished_quartz_from_quartz_block_stonecutting": {
    "criteria": {
      "has_quartz_block": "2024-05-19 09:48:22 +0000"
    },
    "done": true
  },
  "stoneworks:recipes/building_blocks/andesite_bricks_from_andesite_stonecutting": {
    "criteria": {
      "has_andesite": "2024-05-19 06:19:51 +0000"
    },
    "done": true
  },
  "minecraft:recipes/redstone/piston": {
    "criteria": {
      "has_redstone": "2024-05-19 10:06:41 +0000"
    },
    "done": true
  },
  "minecraft:recipes/building_blocks/deepslate_brick_slab_from_deepslate_bricks_stonecutting": {
    "criteria": {
      "has_deepslate_bricks": "2024-05-19 09:24:59 +0000"
    },
    "done": true
  },
  "DataVersion": 3465
}