{
  "knize1007:root": {
    "criteria": {
      "tick": "2024-05-28 17:23:30 +0000"
    },
    "done": true
  },
  "fumo:fumo_advancement": {
    "criteria": {
      "fumo_advancement": "2024-05-28 17:23:30 +0000"
    },
    "done": true
  },
  "fumo:fumo_tutorial_base_advancement": {
    "criteria": {
      "fumo_tutorial_base_advancement": "2024-05-28 17:23:30 +0000"
    },
    "done": true
  },
  "minecraft:recipes/decorations/crafting_table": {
    "criteria": {
      "unlock_right_away": "2024-05-28 17:23:30 +0000"
    },
    "done": true
  },
  "fumo:bootleg_fumo_advancement": {
    "criteria": {
      "bootleg_fumo_advancement": "2024-05-28 17:23:30 +0000"
    },
    "done": true
  },
  "knize1007:hostilemobs": {
    "criteria": {
      "tick": "2024-05-28 17:23:30 +0000"
    },
    "done": true
  },
  "minecraft:adventure/adventuring_time": {
    "criteria": {
      "minecraft:old_growth_pine_taiga": "2024-05-28 17:24:25 +0000",
      "minecraft:taiga": "2024-05-28 17:24:04 +0000",
      "minecraft:cherry_grove": "2024-05-28 17:27:43 +0000",
      "minecraft:snowy_plains": "2024-05-28 17:26:01 +0000",
      "minecraft:forest": "2024-05-28 17:23:31 +0000",
      "minecraft:meadow": "2024-05-28 17:27:11 +0000",
      "minecraft:plains": "2024-05-28 17:27:31 +0000"
    },
    "done": false
  },
  "DataVersion": 3465
}